Patient,Superpopulation Code,Chr:Location,ALT,Presence,EUR,SAS,AFR,AMR,EAS
NA20876,SAS,5;195139,T,0,0,1,0,0,0
NA20876,SAS,5;336952,C,0,0,1,0,0,0
NA20876,SAS,5;389603,C,0,0,1,0,0,0
NA20876,SAS,5;851582,A,0,0,1,0,0,0
NA20876,SAS,5;1144802,C,1,0,1,0,0,0
NA20876,SAS,5;1167618,C,0,0,1,0,0,0
NA20876,SAS,5;1175892,G,1,0,1,0,0,0
NA20876,SAS,5;1398007,T,0,0,1,0,0,0
NA20876,SAS,5;1447860,T,1,0,1,0,0,0
NA20876,SAS,5;1721485,C,1,0,1,0,0,0
HG01148,AMR,5;195139,T,0,0,0,0,1,0
HG01148,AMR,5;336952,C,1,0,0,0,1,0
HG01148,AMR,5;389603,C,1,0,0,0,1,0
HG01148,AMR,5;851582,A,0,0,0,0,1,0
HG01148,AMR,5;1144802,C,1,0,0,0,1,0
HG01148,AMR,5;1167618,C,0,0,0,0,1,0
HG01148,AMR,5;1175892,G,0,0,0,0,1,0
HG01148,AMR,5;1398007,T,0,0,0,0,1,0
HG01148,AMR,5;1447860,T,1,0,0,0,1,0
HG01148,AMR,5;1721485,C,1,0,0,0,1,0
HG01366,AMR,5;195139,T,0,0,0,0,1,0
HG01366,AMR,5;336952,C,0,0,0,0,1,0
HG01366,AMR,5;389603,C,1,0,0,0,1,0
HG01366,AMR,5;851582,A,1,0,0,0,1,0
HG01366,AMR,5;1144802,C,1,0,0,0,1,0
HG01366,AMR,5;1167618,C,0,0,0,0,1,0
HG01366,AMR,5;1175892,G,0,0,0,0,1,0
HG01366,AMR,5;1398007,T,1,0,0,0,1,0
HG01366,AMR,5;1447860,T,1,0,0,0,1,0
HG01366,AMR,5;1721485,C,1,0,0,0,1,0
HG01992,AMR,5;195139,T,0,0,0,0,1,0
HG01992,AMR,5;336952,C,1,0,0,0,1,0
HG01992,AMR,5;389603,C,1,0,0,0,1,0
HG01992,AMR,5;851582,A,0,0,0,0,1,0
HG01992,AMR,5;1144802,C,1,0,0,0,1,0
HG01992,AMR,5;1167618,C,0,0,0,0,1,0
HG01992,AMR,5;1175892,G,0,0,0,0,1,0
HG01992,AMR,5;1398007,T,0,0,0,0,1,0
HG01992,AMR,5;1447860,T,1,0,0,0,1,0
HG01992,AMR,5;1721485,C,1,0,0,0,1,0
HG01851,EAS,5;195139,T,0,0,0,0,0,1
HG01851,EAS,5;336952,C,0,0,0,0,0,1
HG01851,EAS,5;389603,C,0,0,0,0,0,1
HG01851,EAS,5;851582,A,1,0,0,0,0,1
HG01851,EAS,5;1144802,C,1,0,0,0,0,1
HG01851,EAS,5;1167618,C,0,0,0,0,0,1
HG01851,EAS,5;1175892,G,0,0,0,0,0,1
HG01851,EAS,5;1398007,T,0,0,0,0,0,1
HG01851,EAS,5;1447860,T,0,0,0,0,0,1
HG01851,EAS,5;1721485,C,0,0,0,0,0,1
HG03303,AFR,5;195139,T,0,0,0,1,0,0
HG03303,AFR,5;336952,C,0,0,0,1,0,0
HG03303,AFR,5;389603,C,1,0,0,1,0,0
HG03303,AFR,5;851582,A,1,0,0,1,0,0
HG03303,AFR,5;1144802,C,1,0,0,1,0,0
HG03303,AFR,5;1167618,C,0,0,0,1,0,0
HG03303,AFR,5;1175892,G,0,0,0,1,0,0
HG03303,AFR,5;1398007,T,0,0,0,1,0,0
HG03303,AFR,5;1447860,T,0,0,0,1,0,0
HG03303,AFR,5;1721485,C,1,0,0,1,0,0
NA20861,SAS,5;195139,T,0,0,1,0,0,0
NA20861,SAS,5;336952,C,1,0,1,0,0,0
NA20861,SAS,5;389603,C,0,0,1,0,0,0
NA20861,SAS,5;851582,A,0,0,1,0,0,0
NA20861,SAS,5;1144802,C,1,0,1,0,0,0
NA20861,SAS,5;1167618,C,0,0,1,0,0,0
NA20861,SAS,5;1175892,G,0,0,1,0,0,0
NA20861,SAS,5;1398007,T,0,0,1,0,0,0
NA20861,SAS,5;1447860,T,0,0,1,0,0,0
NA20861,SAS,5;1721485,C,1,0,1,0,0,0
HG03851,SAS,5;195139,T,0,0,1,0,0,0
HG03851,SAS,5;336952,C,1,0,1,0,0,0
HG03851,SAS,5;389603,C,0,0,1,0,0,0
HG03851,SAS,5;851582,A,1,0,1,0,0,0
HG03851,SAS,5;1144802,C,1,0,1,0,0,0
HG03851,SAS,5;1167618,C,0,0,1,0,0,0
HG03851,SAS,5;1175892,G,0,0,1,0,0,0
HG03851,SAS,5;1398007,T,0,0,1,0,0,0
HG03851,SAS,5;1447860,T,0,0,1,0,0,0
HG03851,SAS,5;1721485,C,0,0,1,0,0,0
NA19681,AMR,5;195139,T,0,0,0,0,1,0
NA19681,AMR,5;336952,C,0,0,0,0,1,0
NA19681,AMR,5;389603,C,1,0,0,0,1,0
NA19681,AMR,5;851582,A,1,0,0,0,1,0
NA19681,AMR,5;1144802,C,1,0,0,0,1,0
NA19681,AMR,5;1167618,C,1,0,0,0,1,0
NA19681,AMR,5;1175892,G,0,0,0,0,1,0
NA19681,AMR,5;1398007,T,0,0,0,0,1,0
NA19681,AMR,5;1447860,T,0,0,0,0,1,0
NA19681,AMR,5;1721485,C,0,0,0,0,1,0
HG01461,AMR,5;195139,T,0,0,0,0,1,0
HG01461,AMR,5;336952,C,0,0,0,0,1,0
HG01461,AMR,5;389603,C,1,0,0,0,1,0
HG01461,AMR,5;851582,A,0,0,0,0,1,0
HG01461,AMR,5;1144802,C,1,0,0,0,1,0
HG01461,AMR,5;1167618,C,0,0,0,0,1,0
HG01461,AMR,5;1175892,G,0,0,0,0,1,0
HG01461,AMR,5;1398007,T,0,0,0,0,1,0
HG01461,AMR,5;1447860,T,0,0,0,0,1,0
HG01461,AMR,5;1721485,C,1,0,0,0,1,0
HG04014,SAS,5;195139,T,0,0,1,0,0,0
HG04014,SAS,5;336952,C,0,0,1,0,0,0
HG04014,SAS,5;389603,C,0,0,1,0,0,0
HG04014,SAS,5;851582,A,0,0,1,0,0,0
HG04014,SAS,5;1144802,C,1,0,1,0,0,0
HG04014,SAS,5;1167618,C,0,0,1,0,0,0
HG04014,SAS,5;1175892,G,0,0,1,0,0,0
HG04014,SAS,5;1398007,T,0,0,1,0,0,0
HG04014,SAS,5;1447860,T,1,0,1,0,0,0
HG04014,SAS,5;1721485,C,0,0,1,0,0,0
HG01256,AMR,5;195139,T,0,0,0,0,1,0
HG01256,AMR,5;336952,C,0,0,0,0,1,0
HG01256,AMR,5;389603,C,1,0,0,0,1,0
HG01256,AMR,5;851582,A,0,0,0,0,1,0
HG01256,AMR,5;1144802,C,1,0,0,0,1,0
HG01256,AMR,5;1167618,C,1,0,0,0,1,0
HG01256,AMR,5;1175892,G,0,0,0,0,1,0
HG01256,AMR,5;1398007,T,0,0,0,0,1,0
HG01256,AMR,5;1447860,T,1,0,0,0,1,0
HG01256,AMR,5;1721485,C,1,0,0,0,1,0
NA19652,AMR,5;195139,T,0,0,0,0,1,0
NA19652,AMR,5;336952,C,1,0,0,0,1,0
NA19652,AMR,5;389603,C,0,0,0,0,1,0
NA19652,AMR,5;851582,A,1,0,0,0,1,0
NA19652,AMR,5;1144802,C,1,0,0,0,1,0
NA19652,AMR,5;1167618,C,1,0,0,0,1,0
NA19652,AMR,5;1175892,G,0,0,0,0,1,0
NA19652,AMR,5;1398007,T,0,0,0,0,1,0
NA19652,AMR,5;1447860,T,1,0,0,0,1,0
NA19652,AMR,5;1721485,C,1,0,0,0,1,0
NA20792,EUR,5;195139,T,0,1,0,0,0,0
NA20792,EUR,5;336952,C,1,1,0,0,0,0
NA20792,EUR,5;389603,C,0,1,0,0,0,0
NA20792,EUR,5;851582,A,1,1,0,0,0,0
NA20792,EUR,5;1144802,C,0,1,0,0,0,0
NA20792,EUR,5;1167618,C,0,1,0,0,0,0
NA20792,EUR,5;1175892,G,0,1,0,0,0,0
NA20792,EUR,5;1398007,T,0,1,0,0,0,0
NA20792,EUR,5;1447860,T,1,1,0,0,0,0
NA20792,EUR,5;1721485,C,1,1,0,0,0,0
NA19080,EAS,5;195139,T,0,0,0,0,0,1
NA19080,EAS,5;336952,C,0,0,0,0,0,1
NA19080,EAS,5;389603,C,0,0,0,0,0,1
NA19080,EAS,5;851582,A,0,0,0,0,0,1
NA19080,EAS,5;1144802,C,1,0,0,0,0,1
NA19080,EAS,5;1167618,C,1,0,0,0,0,1
NA19080,EAS,5;1175892,G,0,0,0,0,0,1
NA19080,EAS,5;1398007,T,0,0,0,0,0,1
NA19080,EAS,5;1447860,T,0,0,0,0,0,1
NA19080,EAS,5;1721485,C,0,0,0,0,0,1
HG04094,SAS,5;195139,T,0,0,1,0,0,0
HG04094,SAS,5;336952,C,1,0,1,0,0,0
HG04094,SAS,5;389603,C,0,0,1,0,0,0
HG04094,SAS,5;851582,A,1,0,1,0,0,0
HG04094,SAS,5;1144802,C,1,0,1,0,0,0
HG04094,SAS,5;1167618,C,0,0,1,0,0,0
HG04094,SAS,5;1175892,G,0,0,1,0,0,0
HG04094,SAS,5;1398007,T,0,0,1,0,0,0
HG04094,SAS,5;1447860,T,1,0,1,0,0,0
HG04094,SAS,5;1721485,C,0,0,1,0,0,0
HG02449,AFR,5;195139,T,0,0,0,1,0,0
HG02449,AFR,5;336952,C,0,0,0,1,0,0
HG02449,AFR,5;389603,C,1,0,0,1,0,0
HG02449,AFR,5;851582,A,1,0,0,1,0,0
HG02449,AFR,5;1144802,C,1,0,0,1,0,0
HG02449,AFR,5;1167618,C,0,0,0,1,0,0
HG02449,AFR,5;1175892,G,0,0,0,1,0,0
HG02449,AFR,5;1398007,T,0,0,0,1,0,0
HG02449,AFR,5;1447860,T,0,0,0,1,0,0
HG02449,AFR,5;1721485,C,1,0,0,1,0,0
HG02360,EAS,5;195139,T,0,0,0,0,0,1
HG02360,EAS,5;336952,C,0,0,0,0,0,1
HG02360,EAS,5;389603,C,0,0,0,0,0,1
HG02360,EAS,5;851582,A,1,0,0,0,0,1
HG02360,EAS,5;1144802,C,1,0,0,0,0,1
HG02360,EAS,5;1167618,C,0,0,0,0,0,1
HG02360,EAS,5;1175892,G,0,0,0,0,0,1
HG02360,EAS,5;1398007,T,0,0,0,0,0,1
HG02360,EAS,5;1447860,T,1,0,0,0,0,1
HG02360,EAS,5;1721485,C,1,0,0,0,0,1
HG01257,AMR,5;195139,T,0,0,0,0,1,0
HG01257,AMR,5;336952,C,0,0,0,0,1,0
HG01257,AMR,5;389603,C,1,0,0,0,1,0
HG01257,AMR,5;851582,A,1,0,0,0,1,0
HG01257,AMR,5;1144802,C,1,0,0,0,1,0
HG01257,AMR,5;1167618,C,1,0,0,0,1,0
HG01257,AMR,5;1175892,G,0,0,0,0,1,0
HG01257,AMR,5;1398007,T,0,0,0,0,1,0
HG01257,AMR,5;1447860,T,1,0,0,0,1,0
HG01257,AMR,5;1721485,C,1,0,0,0,1,0
HG01323,AMR,5;195139,T,0,0,0,0,1,0
HG01323,AMR,5;336952,C,1,0,0,0,1,0
HG01323,AMR,5;389603,C,1,0,0,0,1,0
HG01323,AMR,5;851582,A,1,0,0,0,1,0
HG01323,AMR,5;1144802,C,1,0,0,0,1,0
HG01323,AMR,5;1167618,C,0,0,0,0,1,0
HG01323,AMR,5;1175892,G,0,0,0,0,1,0
HG01323,AMR,5;1398007,T,0,0,0,0,1,0
HG01323,AMR,5;1447860,T,1,0,0,0,1,0
HG01323,AMR,5;1721485,C,1,0,0,0,1,0
HG01872,EAS,5;195139,T,0,0,0,0,0,1
HG01872,EAS,5;336952,C,0,0,0,0,0,1
HG01872,EAS,5;389603,C,1,0,0,0,0,1
HG01872,EAS,5;851582,A,1,0,0,0,0,1
HG01872,EAS,5;1144802,C,1,0,0,0,0,1
HG01872,EAS,5;1167618,C,0,0,0,0,0,1
HG01872,EAS,5;1175892,G,0,0,0,0,0,1
HG01872,EAS,5;1398007,T,0,0,0,0,0,1
HG01872,EAS,5;1447860,T,1,0,0,0,0,1
HG01872,EAS,5;1721485,C,0,0,0,0,0,1
NA19207,AFR,5;195139,T,0,0,0,1,0,0
NA19207,AFR,5;336952,C,0,0,0,1,0,0
NA19207,AFR,5;389603,C,1,0,0,1,0,0
NA19207,AFR,5;851582,A,1,0,0,1,0,0
NA19207,AFR,5;1144802,C,1,0,0,1,0,0
NA19207,AFR,5;1167618,C,0,0,0,1,0,0
NA19207,AFR,5;1175892,G,0,0,0,1,0,0
NA19207,AFR,5;1398007,T,1,0,0,1,0,0
NA19207,AFR,5;1447860,T,1,0,0,1,0,0
NA19207,AFR,5;1721485,C,1,0,0,1,0,0
HG02223,EUR,5;195139,T,0,1,0,0,0,0
HG02223,EUR,5;336952,C,1,1,0,0,0,0
HG02223,EUR,5;389603,C,0,1,0,0,0,0
HG02223,EUR,5;851582,A,0,1,0,0,0,0
HG02223,EUR,5;1144802,C,1,1,0,0,0,0
HG02223,EUR,5;1167618,C,1,1,0,0,0,0
HG02223,EUR,5;1175892,G,0,1,0,0,0,0
HG02223,EUR,5;1398007,T,0,1,0,0,0,0
HG02223,EUR,5;1447860,T,1,1,0,0,0,0
HG02223,EUR,5;1721485,C,1,1,0,0,0,0
HG03224,AFR,5;195139,T,0,0,0,1,0,0
HG03224,AFR,5;336952,C,0,0,0,1,0,0
HG03224,AFR,5;389603,C,1,0,0,1,0,0
HG03224,AFR,5;851582,A,1,0,0,1,0,0
HG03224,AFR,5;1144802,C,1,0,0,1,0,0
HG03224,AFR,5;1167618,C,1,0,0,1,0,0
HG03224,AFR,5;1175892,G,0,0,0,1,0,0
HG03224,AFR,5;1398007,T,0,0,0,1,0,0
HG03224,AFR,5;1447860,T,0,0,0,1,0,0
HG03224,AFR,5;1721485,C,1,0,0,1,0,0
HG01918,AMR,5;195139,T,0,0,0,0,1,0
HG01918,AMR,5;336952,C,1,0,0,0,1,0
HG01918,AMR,5;389603,C,1,0,0,0,1,0
HG01918,AMR,5;851582,A,1,0,0,0,1,0
HG01918,AMR,5;1144802,C,1,0,0,0,1,0
HG01918,AMR,5;1167618,C,1,0,0,0,1,0
HG01918,AMR,5;1175892,G,0,0,0,0,1,0
HG01918,AMR,5;1398007,T,0,0,0,0,1,0
HG01918,AMR,5;1447860,T,1,0,0,0,1,0
HG01918,AMR,5;1721485,C,0,0,0,0,1,0
HG01110,AMR,5;195139,T,0,0,0,0,1,0
HG01110,AMR,5;336952,C,0,0,0,0,1,0
HG01110,AMR,5;389603,C,1,0,0,0,1,0
HG01110,AMR,5;851582,A,0,0,0,0,1,0
HG01110,AMR,5;1144802,C,0,0,0,0,1,0
HG01110,AMR,5;1167618,C,0,0,0,0,1,0
HG01110,AMR,5;1175892,G,0,0,0,0,1,0
HG01110,AMR,5;1398007,T,0,0,0,0,1,0
HG01110,AMR,5;1447860,T,1,0,0,0,1,0
HG01110,AMR,5;1721485,C,1,0,0,0,1,0
HG03077,AFR,5;195139,T,0,0,0,1,0,0
HG03077,AFR,5;336952,C,0,0,0,1,0,0
HG03077,AFR,5;389603,C,1,0,0,1,0,0
HG03077,AFR,5;851582,A,0,0,0,1,0,0
HG03077,AFR,5;1144802,C,1,0,0,1,0,0
HG03077,AFR,5;1167618,C,1,0,0,1,0,0
HG03077,AFR,5;1175892,G,0,0,0,1,0,0
HG03077,AFR,5;1398007,T,1,0,0,1,0,0
HG03077,AFR,5;1447860,T,1,0,0,1,0,0
HG03077,AFR,5;1721485,C,1,0,0,1,0,0
NA18532,EAS,5;195139,T,0,0,0,0,0,1
NA18532,EAS,5;336952,C,1,0,0,0,0,1
NA18532,EAS,5;389603,C,0,0,0,0,0,1
NA18532,EAS,5;851582,A,0,0,0,0,0,1
NA18532,EAS,5;1144802,C,1,0,0,0,0,1
NA18532,EAS,5;1167618,C,1,0,0,0,0,1
NA18532,EAS,5;1175892,G,0,0,0,0,0,1
NA18532,EAS,5;1398007,T,0,0,0,0,0,1
NA18532,EAS,5;1447860,T,0,0,0,0,0,1
NA18532,EAS,5;1721485,C,0,0,0,0,0,1
HG02583,AFR,5;195139,T,0,0,0,1,0,0
HG02583,AFR,5;336952,C,0,0,0,1,0,0
HG02583,AFR,5;389603,C,1,0,0,1,0,0
HG02583,AFR,5;851582,A,1,0,0,1,0,0
HG02583,AFR,5;1144802,C,1,0,0,1,0,0
HG02583,AFR,5;1167618,C,0,0,0,1,0,0
HG02583,AFR,5;1175892,G,0,0,0,1,0,0
HG02583,AFR,5;1398007,T,0,0,0,1,0,0
HG02583,AFR,5;1447860,T,0,0,0,1,0,0
HG02583,AFR,5;1721485,C,1,0,0,1,0,0
HG02395,EAS,5;195139,T,0,0,0,0,0,1
HG02395,EAS,5;336952,C,1,0,0,0,0,1
HG02395,EAS,5;389603,C,0,0,0,0,0,1
HG02395,EAS,5;851582,A,1,0,0,0,0,1
HG02395,EAS,5;1144802,C,1,0,0,0,0,1
HG02395,EAS,5;1167618,C,0,0,0,0,0,1
HG02395,EAS,5;1175892,G,0,0,0,0,0,1
HG02395,EAS,5;1398007,T,0,0,0,0,0,1
HG02395,EAS,5;1447860,T,0,0,0,0,0,1
HG02395,EAS,5;1721485,C,0,0,0,0,0,1
HG00253,EUR,5;195139,T,0,1,0,0,0,0
HG00253,EUR,5;336952,C,0,1,0,0,0,0
HG00253,EUR,5;389603,C,1,1,0,0,0,0
HG00253,EUR,5;851582,A,0,1,0,0,0,0
HG00253,EUR,5;1144802,C,1,1,0,0,0,0
HG00253,EUR,5;1167618,C,0,1,0,0,0,0
HG00253,EUR,5;1175892,G,0,1,0,0,0,0
HG00253,EUR,5;1398007,T,0,1,0,0,0,0
HG00253,EUR,5;1447860,T,1,1,0,0,0,0
HG00253,EUR,5;1721485,C,0,1,0,0,0,0
HG02895,AFR,5;195139,T,0,0,0,1,0,0
HG02895,AFR,5;336952,C,0,0,0,1,0,0
HG02895,AFR,5;389603,C,1,0,0,1,0,0
HG02895,AFR,5;851582,A,1,0,0,1,0,0
HG02895,AFR,5;1144802,C,0,0,0,1,0,0
HG02895,AFR,5;1167618,C,0,0,0,1,0,0
HG02895,AFR,5;1175892,G,0,0,0,1,0,0
HG02895,AFR,5;1398007,T,1,0,0,1,0,0
HG02895,AFR,5;1447860,T,0,0,0,1,0,0
HG02895,AFR,5;1721485,C,0,0,0,1,0,0
NA18995,EAS,5;195139,T,0,0,0,0,0,1
NA18995,EAS,5;336952,C,0,0,0,0,0,1
NA18995,EAS,5;389603,C,0,0,0,0,0,1
NA18995,EAS,5;851582,A,0,0,0,0,0,1
NA18995,EAS,5;1144802,C,1,0,0,0,0,1
NA18995,EAS,5;1167618,C,0,0,0,0,0,1
NA18995,EAS,5;1175892,G,0,0,0,0,0,1
NA18995,EAS,5;1398007,T,0,0,0,0,0,1
NA18995,EAS,5;1447860,T,0,0,0,0,0,1
NA18995,EAS,5;1721485,C,0,0,0,0,0,1
HG01412,AMR,5;195139,T,0,0,0,0,1,0
HG01412,AMR,5;336952,C,1,0,0,0,1,0
HG01412,AMR,5;389603,C,1,0,0,0,1,0
HG01412,AMR,5;851582,A,0,0,0,0,1,0
HG01412,AMR,5;1144802,C,1,0,0,0,1,0
HG01412,AMR,5;1167618,C,0,0,0,0,1,0
HG01412,AMR,5;1175892,G,0,0,0,0,1,0
HG01412,AMR,5;1398007,T,0,0,0,0,1,0
HG01412,AMR,5;1447860,T,1,0,0,0,1,0
HG01412,AMR,5;1721485,C,1,0,0,0,1,0
HG00365,EUR,5;195139,T,0,1,0,0,0,0
HG00365,EUR,5;336952,C,1,1,0,0,0,0
HG00365,EUR,5;389603,C,0,1,0,0,0,0
HG00365,EUR,5;851582,A,0,1,0,0,0,0
HG00365,EUR,5;1144802,C,1,1,0,0,0,0
HG00365,EUR,5;1167618,C,0,1,0,0,0,0
HG00365,EUR,5;1175892,G,0,1,0,0,0,0
HG00365,EUR,5;1398007,T,0,1,0,0,0,0
HG00365,EUR,5;1447860,T,1,1,0,0,0,0
HG00365,EUR,5;1721485,C,1,1,0,0,0,0
HG01437,AMR,5;195139,T,0,0,0,0,1,0
HG01437,AMR,5;336952,C,1,0,0,0,1,0
HG01437,AMR,5;389603,C,0,0,0,0,1,0
HG01437,AMR,5;851582,A,0,0,0,0,1,0
HG01437,AMR,5;1144802,C,1,0,0,0,1,0
HG01437,AMR,5;1167618,C,1,0,0,0,1,0
HG01437,AMR,5;1175892,G,0,0,0,0,1,0
HG01437,AMR,5;1398007,T,0,0,0,0,1,0
HG01437,AMR,5;1447860,T,1,0,0,0,1,0
HG01437,AMR,5;1721485,C,1,0,0,0,1,0
NA18961,EAS,5;195139,T,0,0,0,0,0,1
NA18961,EAS,5;336952,C,1,0,0,0,0,1
NA18961,EAS,5;389603,C,0,0,0,0,0,1
NA18961,EAS,5;851582,A,1,0,0,0,0,1
NA18961,EAS,5;1144802,C,1,0,0,0,0,1
NA18961,EAS,5;1167618,C,0,0,0,0,0,1
NA18961,EAS,5;1175892,G,0,0,0,0,0,1
NA18961,EAS,5;1398007,T,0,0,0,0,0,1
NA18961,EAS,5;1447860,T,1,0,0,0,0,1
NA18961,EAS,5;1721485,C,1,0,0,0,0,1
HG02678,AFR,5;195139,T,0,0,0,1,0,0
HG02678,AFR,5;336952,C,0,0,0,1,0,0
HG02678,AFR,5;389603,C,1,0,0,1,0,0
HG02678,AFR,5;851582,A,1,0,0,1,0,0
HG02678,AFR,5;1144802,C,1,0,0,1,0,0
HG02678,AFR,5;1167618,C,1,0,0,1,0,0
HG02678,AFR,5;1175892,G,0,0,0,1,0,0
HG02678,AFR,5;1398007,T,0,0,0,1,0,0
HG02678,AFR,5;1447860,T,0,0,0,1,0,0
HG02678,AFR,5;1721485,C,1,0,0,1,0,0
NA19661,AMR,5;195139,T,0,0,0,0,1,0
NA19661,AMR,5;336952,C,1,0,0,0,1,0
NA19661,AMR,5;389603,C,0,0,0,0,1,0
NA19661,AMR,5;851582,A,1,0,0,0,1,0
NA19661,AMR,5;1144802,C,1,0,0,0,1,0
NA19661,AMR,5;1167618,C,1,0,0,0,1,0
NA19661,AMR,5;1175892,G,0,0,0,0,1,0
NA19661,AMR,5;1398007,T,0,0,0,0,1,0
NA19661,AMR,5;1447860,T,1,0,0,0,1,0
NA19661,AMR,5;1721485,C,1,0,0,0,1,0
NA19445,AFR,5;195139,T,0,0,0,1,0,0
NA19445,AFR,5;336952,C,0,0,0,1,0,0
NA19445,AFR,5;389603,C,1,0,0,1,0,0
NA19445,AFR,5;851582,A,0,0,0,1,0,0
NA19445,AFR,5;1144802,C,1,0,0,1,0,0
NA19445,AFR,5;1167618,C,0,0,0,1,0,0
NA19445,AFR,5;1175892,G,0,0,0,1,0,0
NA19445,AFR,5;1398007,T,1,0,0,1,0,0
NA19445,AFR,5;1447860,T,1,0,0,1,0,0
NA19445,AFR,5;1721485,C,0,0,0,1,0,0
NA19703,AFR,5;195139,T,0,0,0,1,0,0
NA19703,AFR,5;336952,C,1,0,0,1,0,0
NA19703,AFR,5;389603,C,1,0,0,1,0,0
NA19703,AFR,5;851582,A,0,0,0,1,0,0
NA19703,AFR,5;1144802,C,1,0,0,1,0,0
NA19703,AFR,5;1167618,C,0,0,0,1,0,0
NA19703,AFR,5;1175892,G,0,0,0,1,0,0
NA19703,AFR,5;1398007,T,1,0,0,1,0,0
NA19703,AFR,5;1447860,T,1,0,0,1,0,0
NA19703,AFR,5;1721485,C,1,0,0,1,0,0
HG00284,EUR,5;195139,T,0,1,0,0,0,0
HG00284,EUR,5;336952,C,1,1,0,0,0,0
HG00284,EUR,5;389603,C,0,1,0,0,0,0
HG00284,EUR,5;851582,A,0,1,0,0,0,0
HG00284,EUR,5;1144802,C,1,1,0,0,0,0
HG00284,EUR,5;1167618,C,0,1,0,0,0,0
HG00284,EUR,5;1175892,G,0,1,0,0,0,0
HG00284,EUR,5;1398007,T,0,1,0,0,0,0
HG00284,EUR,5;1447860,T,1,1,0,0,0,0
HG00284,EUR,5;1721485,C,1,1,0,0,0,0
HG03754,SAS,5;195139,T,0,0,1,0,0,0
HG03754,SAS,5;336952,C,1,0,1,0,0,0
HG03754,SAS,5;389603,C,1,0,1,0,0,0
HG03754,SAS,5;851582,A,1,0,1,0,0,0
HG03754,SAS,5;1144802,C,1,0,1,0,0,0
HG03754,SAS,5;1167618,C,0,0,1,0,0,0
HG03754,SAS,5;1175892,G,0,0,1,0,0,0
HG03754,SAS,5;1398007,T,0,0,1,0,0,0
HG03754,SAS,5;1447860,T,1,0,1,0,0,0
HG03754,SAS,5;1721485,C,1,0,1,0,0,0
NA18640,EAS,5;195139,T,0,0,0,0,0,1
NA18640,EAS,5;336952,C,0,0,0,0,0,1
NA18640,EAS,5;389603,C,0,0,0,0,0,1
NA18640,EAS,5;851582,A,0,0,0,0,0,1
NA18640,EAS,5;1144802,C,1,0,0,0,0,1
NA18640,EAS,5;1167618,C,0,0,0,0,0,1
NA18640,EAS,5;1175892,G,0,0,0,0,0,1
NA18640,EAS,5;1398007,T,0,0,0,0,0,1
NA18640,EAS,5;1447860,T,0,0,0,0,0,1
NA18640,EAS,5;1721485,C,0,0,0,0,0,1
NA19735,AMR,5;195139,T,0,0,0,0,1,0
NA19735,AMR,5;336952,C,0,0,0,0,1,0
NA19735,AMR,5;389603,C,1,0,0,0,1,0
NA19735,AMR,5;851582,A,1,0,0,0,1,0
NA19735,AMR,5;1144802,C,1,0,0,0,1,0
NA19735,AMR,5;1167618,C,1,0,0,0,1,0
NA19735,AMR,5;1175892,G,0,0,0,0,1,0
NA19735,AMR,5;1398007,T,0,0,0,0,1,0
NA19735,AMR,5;1447860,T,0,0,0,0,1,0
NA19735,AMR,5;1721485,C,0,0,0,0,1,0
HG02353,EAS,5;195139,T,0,0,0,0,0,1
HG02353,EAS,5;336952,C,0,0,0,0,0,1
HG02353,EAS,5;389603,C,0,0,0,0,0,1
HG02353,EAS,5;851582,A,0,0,0,0,0,1
HG02353,EAS,5;1144802,C,1,0,0,0,0,1
HG02353,EAS,5;1167618,C,0,0,0,0,0,1
HG02353,EAS,5;1175892,G,0,0,0,0,0,1
HG02353,EAS,5;1398007,T,0,0,0,0,0,1
HG02353,EAS,5;1447860,T,0,0,0,0,0,1
HG02353,EAS,5;1721485,C,1,0,0,0,0,1
NA19759,AMR,5;195139,T,0,0,0,0,1,0
NA19759,AMR,5;336952,C,1,0,0,0,1,0
NA19759,AMR,5;389603,C,0,0,0,0,1,0
NA19759,AMR,5;851582,A,1,0,0,0,1,0
NA19759,AMR,5;1144802,C,1,0,0,0,1,0
NA19759,AMR,5;1167618,C,1,0,0,0,1,0
NA19759,AMR,5;1175892,G,0,0,0,0,1,0
NA19759,AMR,5;1398007,T,0,0,0,0,1,0
NA19759,AMR,5;1447860,T,1,0,0,0,1,0
NA19759,AMR,5;1721485,C,1,0,0,0,1,0
HG01438,AMR,5;195139,T,0,0,0,0,1,0
HG01438,AMR,5;336952,C,1,0,0,0,1,0
HG01438,AMR,5;389603,C,1,0,0,0,1,0
HG01438,AMR,5;851582,A,0,0,0,0,1,0
HG01438,AMR,5;1144802,C,1,0,0,0,1,0
HG01438,AMR,5;1167618,C,0,0,0,0,1,0
HG01438,AMR,5;1175892,G,0,0,0,0,1,0
HG01438,AMR,5;1398007,T,0,0,0,0,1,0
HG01438,AMR,5;1447860,T,1,0,0,0,1,0
HG01438,AMR,5;1721485,C,0,0,0,0,1,0
HG01768,EUR,5;195139,T,0,1,0,0,0,0
HG01768,EUR,5;336952,C,1,1,0,0,0,0
HG01768,EUR,5;389603,C,0,1,0,0,0,0
HG01768,EUR,5;851582,A,0,1,0,0,0,0
HG01768,EUR,5;1144802,C,1,1,0,0,0,0
HG01768,EUR,5;1167618,C,0,1,0,0,0,0
HG01768,EUR,5;1175892,G,0,1,0,0,0,0
HG01768,EUR,5;1398007,T,0,1,0,0,0,0
HG01768,EUR,5;1447860,T,1,1,0,0,0,0
HG01768,EUR,5;1721485,C,1,1,0,0,0,0
NA19065,EAS,5;195139,T,0,0,0,0,0,1
NA19065,EAS,5;336952,C,0,0,0,0,0,1
NA19065,EAS,5;389603,C,0,0,0,0,0,1
NA19065,EAS,5;851582,A,0,0,0,0,0,1
NA19065,EAS,5;1144802,C,1,0,0,0,0,1
NA19065,EAS,5;1167618,C,0,0,0,0,0,1
NA19065,EAS,5;1175892,G,0,0,0,0,0,1
NA19065,EAS,5;1398007,T,0,0,0,0,0,1
NA19065,EAS,5;1447860,T,0,0,0,0,0,1
NA19065,EAS,5;1721485,C,0,0,0,0,0,1
NA20852,SAS,5;195139,T,0,0,1,0,0,0
NA20852,SAS,5;336952,C,1,0,1,0,0,0
NA20852,SAS,5;389603,C,0,0,1,0,0,0
NA20852,SAS,5;851582,A,1,0,1,0,0,0
NA20852,SAS,5;1144802,C,1,0,1,0,0,0
NA20852,SAS,5;1167618,C,0,0,1,0,0,0
NA20852,SAS,5;1175892,G,0,0,1,0,0,0
NA20852,SAS,5;1398007,T,0,0,1,0,0,0
NA20852,SAS,5;1447860,T,0,0,1,0,0,0
NA20852,SAS,5;1721485,C,1,0,1,0,0,0
HG02772,AFR,5;195139,T,0,0,0,1,0,0
HG02772,AFR,5;336952,C,0,0,0,1,0,0
HG02772,AFR,5;389603,C,1,0,0,1,0,0
HG02772,AFR,5;851582,A,0,0,0,1,0,0
HG02772,AFR,5;1144802,C,1,0,0,1,0,0
HG02772,AFR,5;1167618,C,0,0,0,1,0,0
HG02772,AFR,5;1175892,G,0,0,0,1,0,0
HG02772,AFR,5;1398007,T,0,0,0,1,0,0
HG02772,AFR,5;1447860,T,0,0,0,1,0,0
HG02772,AFR,5;1721485,C,1,0,0,1,0,0
HG02814,AFR,5;195139,T,0,0,0,1,0,0
HG02814,AFR,5;336952,C,0,0,0,1,0,0
HG02814,AFR,5;389603,C,1,0,0,1,0,0
HG02814,AFR,5;851582,A,1,0,0,1,0,0
HG02814,AFR,5;1144802,C,1,0,0,1,0,0
HG02814,AFR,5;1167618,C,1,0,0,1,0,0
HG02814,AFR,5;1175892,G,0,0,0,1,0,0
HG02814,AFR,5;1398007,T,0,0,0,1,0,0
HG02814,AFR,5;1447860,T,1,0,0,1,0,0
HG02814,AFR,5;1721485,C,0,0,0,1,0,0
NA20801,EUR,5;195139,T,0,1,0,0,0,0
NA20801,EUR,5;336952,C,1,1,0,0,0,0
NA20801,EUR,5;389603,C,1,1,0,0,0,0
NA20801,EUR,5;851582,A,0,1,0,0,0,0
NA20801,EUR,5;1144802,C,1,1,0,0,0,0
NA20801,EUR,5;1167618,C,0,1,0,0,0,0
NA20801,EUR,5;1175892,G,0,1,0,0,0,0
NA20801,EUR,5;1398007,T,0,1,0,0,0,0
NA20801,EUR,5;1447860,T,1,1,0,0,0,0
NA20801,EUR,5;1721485,C,1,1,0,0,0,0
NA18508,AFR,5;195139,T,0,0,0,1,0,0
NA18508,AFR,5;336952,C,0,0,0,1,0,0
NA18508,AFR,5;389603,C,1,0,0,1,0,0
NA18508,AFR,5;851582,A,0,0,0,1,0,0
NA18508,AFR,5;1144802,C,1,0,0,1,0,0
NA18508,AFR,5;1167618,C,0,0,0,1,0,0
NA18508,AFR,5;1175892,G,0,0,0,1,0,0
NA18508,AFR,5;1398007,T,0,0,0,1,0,0
NA18508,AFR,5;1447860,T,0,0,0,1,0,0
NA18508,AFR,5;1721485,C,1,0,0,1,0,0
HG02891,AFR,5;195139,T,0,0,0,1,0,0
HG02891,AFR,5;336952,C,0,0,0,1,0,0
HG02891,AFR,5;389603,C,1,0,0,1,0,0
HG02891,AFR,5;851582,A,0,0,0,1,0,0
HG02891,AFR,5;1144802,C,1,0,0,1,0,0
HG02891,AFR,5;1167618,C,0,0,0,1,0,0
HG02891,AFR,5;1175892,G,0,0,0,1,0,0
HG02891,AFR,5;1398007,T,0,0,0,1,0,0
HG02891,AFR,5;1447860,T,0,0,0,1,0,0
HG02891,AFR,5;1721485,C,1,0,0,1,0,0
HG02127,EAS,5;195139,T,0,0,0,0,0,1
HG02127,EAS,5;336952,C,0,0,0,0,0,1
HG02127,EAS,5;389603,C,0,0,0,0,0,1
HG02127,EAS,5;851582,A,1,0,0,0,0,1
HG02127,EAS,5;1144802,C,1,0,0,0,0,1
HG02127,EAS,5;1167618,C,0,0,0,0,0,1
HG02127,EAS,5;1175892,G,0,0,0,0,0,1
HG02127,EAS,5;1398007,T,0,0,0,0,0,1
HG02127,EAS,5;1447860,T,1,0,0,0,0,1
HG02127,EAS,5;1721485,C,0,0,0,0,0,1
HG02390,EAS,5;195139,T,0,0,0,0,0,1
HG02390,EAS,5;336952,C,0,0,0,0,0,1
HG02390,EAS,5;389603,C,0,0,0,0,0,1
HG02390,EAS,5;851582,A,1,0,0,0,0,1
HG02390,EAS,5;1144802,C,1,0,0,0,0,1
HG02390,EAS,5;1167618,C,0,0,0,0,0,1
HG02390,EAS,5;1175892,G,0,0,0,0,0,1
HG02390,EAS,5;1398007,T,0,0,0,0,0,1
HG02390,EAS,5;1447860,T,1,0,0,0,0,1
HG02390,EAS,5;1721485,C,1,0,0,0,0,1
HG01915,AFR,5;195139,T,0,0,0,1,0,0
HG01915,AFR,5;336952,C,0,0,0,1,0,0
HG01915,AFR,5;389603,C,1,0,0,1,0,0
HG01915,AFR,5;851582,A,1,0,0,1,0,0
HG01915,AFR,5;1144802,C,1,0,0,1,0,0
HG01915,AFR,5;1167618,C,0,0,0,1,0,0
HG01915,AFR,5;1175892,G,0,0,0,1,0,0
HG01915,AFR,5;1398007,T,0,0,0,1,0,0
HG01915,AFR,5;1447860,T,0,0,0,1,0,0
HG01915,AFR,5;1721485,C,0,0,0,1,0,0
HG03108,AFR,5;195139,T,0,0,0,1,0,0
HG03108,AFR,5;336952,C,0,0,0,1,0,0
HG03108,AFR,5;389603,C,1,0,0,1,0,0
HG03108,AFR,5;851582,A,1,0,0,1,0,0
HG03108,AFR,5;1144802,C,1,0,0,1,0,0
HG03108,AFR,5;1167618,C,1,0,0,1,0,0
HG03108,AFR,5;1175892,G,0,0,0,1,0,0
HG03108,AFR,5;1398007,T,0,0,0,1,0,0
HG03108,AFR,5;1447860,T,1,0,0,1,0,0
HG03108,AFR,5;1721485,C,0,0,0,1,0,0
HG03625,SAS,5;195139,T,0,0,1,0,0,0
HG03625,SAS,5;336952,C,0,0,1,0,0,0
HG03625,SAS,5;389603,C,1,0,1,0,0,0
HG03625,SAS,5;851582,A,0,0,1,0,0,0
HG03625,SAS,5;1144802,C,1,0,1,0,0,0
HG03625,SAS,5;1167618,C,0,0,1,0,0,0
HG03625,SAS,5;1175892,G,0,0,1,0,0,0
HG03625,SAS,5;1398007,T,1,0,1,0,0,0
HG03625,SAS,5;1447860,T,1,0,1,0,0,0
HG03625,SAS,5;1721485,C,0,0,1,0,0,0
HG00263,EUR,5;195139,T,0,1,0,0,0,0
HG00263,EUR,5;336952,C,1,1,0,0,0,0
HG00263,EUR,5;389603,C,0,1,0,0,0,0
HG00263,EUR,5;851582,A,1,1,0,0,0,0
HG00263,EUR,5;1144802,C,1,1,0,0,0,0
HG00263,EUR,5;1167618,C,0,1,0,0,0,0
HG00263,EUR,5;1175892,G,0,1,0,0,0,0
HG00263,EUR,5;1398007,T,0,1,0,0,0,0
HG00263,EUR,5;1447860,T,1,1,0,0,0,0
HG00263,EUR,5;1721485,C,1,1,0,0,0,0
NA19723,AMR,5;195139,T,0,0,0,0,1,0
NA19723,AMR,5;336952,C,1,0,0,0,1,0
NA19723,AMR,5;389603,C,1,0,0,0,1,0
NA19723,AMR,5;851582,A,0,0,0,0,1,0
NA19723,AMR,5;1144802,C,1,0,0,0,1,0
NA19723,AMR,5;1167618,C,0,0,0,0,1,0
NA19723,AMR,5;1175892,G,0,0,0,0,1,0
NA19723,AMR,5;1398007,T,0,0,0,0,1,0
NA19723,AMR,5;1447860,T,0,0,0,0,1,0
NA19723,AMR,5;1721485,C,1,0,0,0,1,0
NA18553,EAS,5;195139,T,0,0,0,0,0,1
NA18553,EAS,5;336952,C,0,0,0,0,0,1
NA18553,EAS,5;389603,C,0,0,0,0,0,1
NA18553,EAS,5;851582,A,1,0,0,0,0,1
NA18553,EAS,5;1144802,C,1,0,0,0,0,1
NA18553,EAS,5;1167618,C,0,0,0,0,0,1
NA18553,EAS,5;1175892,G,0,0,0,0,0,1
NA18553,EAS,5;1398007,T,0,0,0,0,0,1
NA18553,EAS,5;1447860,T,0,0,0,0,0,1
NA18553,EAS,5;1721485,C,0,0,0,0,0,1
HG01866,EAS,5;195139,T,0,0,0,0,0,1
HG01866,EAS,5;336952,C,0,0,0,0,0,1
HG01866,EAS,5;389603,C,1,0,0,0,0,1
HG01866,EAS,5;851582,A,1,0,0,0,0,1
HG01866,EAS,5;1144802,C,1,0,0,0,0,1
HG01866,EAS,5;1167618,C,1,0,0,0,0,1
HG01866,EAS,5;1175892,G,0,0,0,0,0,1
HG01866,EAS,5;1398007,T,0,0,0,0,0,1
HG01866,EAS,5;1447860,T,0,0,0,0,0,1
HG01866,EAS,5;1721485,C,1,0,0,0,0,1
HG03928,SAS,5;195139,T,0,0,1,0,0,0
HG03928,SAS,5;336952,C,1,0,1,0,0,0
HG03928,SAS,5;389603,C,0,0,1,0,0,0
HG03928,SAS,5;851582,A,1,0,1,0,0,0
HG03928,SAS,5;1144802,C,1,0,1,0,0,0
HG03928,SAS,5;1167618,C,0,0,1,0,0,0
HG03928,SAS,5;1175892,G,0,0,1,0,0,0
HG03928,SAS,5;1398007,T,0,0,1,0,0,0
HG03928,SAS,5;1447860,T,1,0,1,0,0,0
HG03928,SAS,5;1721485,C,1,0,1,0,0,0
HG01311,AMR,5;195139,T,0,0,0,0,1,0
HG01311,AMR,5;336952,C,0,0,0,0,1,0
HG01311,AMR,5;389603,C,1,0,0,0,1,0
HG01311,AMR,5;851582,A,1,0,0,0,1,0
HG01311,AMR,5;1144802,C,1,0,0,0,1,0
HG01311,AMR,5;1167618,C,0,0,0,0,1,0
HG01311,AMR,5;1175892,G,0,0,0,0,1,0
HG01311,AMR,5;1398007,T,0,0,0,0,1,0
HG01311,AMR,5;1447860,T,1,0,0,0,1,0
HG01311,AMR,5;1721485,C,1,0,0,0,1,0
NA20535,EUR,5;195139,T,0,1,0,0,0,0
NA20535,EUR,5;336952,C,1,1,0,0,0,0
NA20535,EUR,5;389603,C,0,1,0,0,0,0
NA20535,EUR,5;851582,A,1,1,0,0,0,0
NA20535,EUR,5;1144802,C,1,1,0,0,0,0
NA20535,EUR,5;1167618,C,0,1,0,0,0,0
NA20535,EUR,5;1175892,G,0,1,0,0,0,0
NA20535,EUR,5;1398007,T,0,1,0,0,0,0
NA20535,EUR,5;1447860,T,1,1,0,0,0,0
NA20535,EUR,5;1721485,C,1,1,0,0,0,0
HG02648,SAS,5;195139,T,0,0,1,0,0,0
HG02648,SAS,5;336952,C,0,0,1,0,0,0
HG02648,SAS,5;389603,C,0,0,1,0,0,0
HG02648,SAS,5;851582,A,0,0,1,0,0,0
HG02648,SAS,5;1144802,C,1,0,1,0,0,0
HG02648,SAS,5;1167618,C,0,0,1,0,0,0
HG02648,SAS,5;1175892,G,0,0,1,0,0,0
HG02648,SAS,5;1398007,T,0,0,1,0,0,0
HG02648,SAS,5;1447860,T,1,0,1,0,0,0
HG02648,SAS,5;1721485,C,0,0,1,0,0,0
HG01506,EUR,5;195139,T,0,1,0,0,0,0
HG01506,EUR,5;336952,C,1,1,0,0,0,0
HG01506,EUR,5;389603,C,1,1,0,0,0,0
HG01506,EUR,5;851582,A,1,1,0,0,0,0
HG01506,EUR,5;1144802,C,1,1,0,0,0,0
HG01506,EUR,5;1167618,C,0,1,0,0,0,0
HG01506,EUR,5;1175892,G,0,1,0,0,0,0
HG01506,EUR,5;1398007,T,0,1,0,0,0,0
HG01506,EUR,5;1447860,T,0,1,0,0,0,0
HG01506,EUR,5;1721485,C,1,1,0,0,0,0
NA19309,AFR,5;195139,T,0,0,0,1,0,0
NA19309,AFR,5;336952,C,0,0,0,1,0,0
NA19309,AFR,5;389603,C,1,0,0,1,0,0
NA19309,AFR,5;851582,A,0,0,0,1,0,0
NA19309,AFR,5;1144802,C,1,0,0,1,0,0
NA19309,AFR,5;1167618,C,1,0,0,1,0,0
NA19309,AFR,5;1175892,G,0,0,0,1,0,0
NA19309,AFR,5;1398007,T,0,0,0,1,0,0
NA19309,AFR,5;1447860,T,0,0,0,1,0,0
NA19309,AFR,5;1721485,C,0,0,0,1,0,0
HG00238,EUR,5;195139,T,0,1,0,0,0,0
HG00238,EUR,5;336952,C,1,1,0,0,0,0
HG00238,EUR,5;389603,C,0,1,0,0,0,0
HG00238,EUR,5;851582,A,1,1,0,0,0,0
HG00238,EUR,5;1144802,C,1,1,0,0,0,0
HG00238,EUR,5;1167618,C,0,1,0,0,0,0
HG00238,EUR,5;1175892,G,0,1,0,0,0,0
HG00238,EUR,5;1398007,T,1,1,0,0,0,0
HG00238,EUR,5;1447860,T,1,1,0,0,0,0
HG00238,EUR,5;1721485,C,1,1,0,0,0,0
NA19060,EAS,5;195139,T,0,0,0,0,0,1
NA19060,EAS,5;336952,C,1,0,0,0,0,1
NA19060,EAS,5;389603,C,0,0,0,0,0,1
NA19060,EAS,5;851582,A,0,0,0,0,0,1
NA19060,EAS,5;1144802,C,1,0,0,0,0,1
NA19060,EAS,5;1167618,C,1,0,0,0,0,1
NA19060,EAS,5;1175892,G,0,0,0,0,0,1
NA19060,EAS,5;1398007,T,0,0,0,0,0,1
NA19060,EAS,5;1447860,T,0,0,0,0,0,1
NA19060,EAS,5;1721485,C,1,0,0,0,0,1
HG03593,SAS,5;195139,T,0,0,1,0,0,0
HG03593,SAS,5;336952,C,0,0,1,0,0,0
HG03593,SAS,5;389603,C,0,0,1,0,0,0
HG03593,SAS,5;851582,A,0,0,1,0,0,0
HG03593,SAS,5;1144802,C,1,0,1,0,0,0
HG03593,SAS,5;1167618,C,0,0,1,0,0,0
HG03593,SAS,5;1175892,G,0,0,1,0,0,0
HG03593,SAS,5;1398007,T,0,0,1,0,0,0
HG03593,SAS,5;1447860,T,0,0,1,0,0,0
HG03593,SAS,5;1721485,C,1,0,1,0,0,0
HG04219,SAS,5;195139,T,0,0,1,0,0,0
HG04219,SAS,5;336952,C,1,0,1,0,0,0
HG04219,SAS,5;389603,C,1,0,1,0,0,0
HG04219,SAS,5;851582,A,1,0,1,0,0,0
HG04219,SAS,5;1144802,C,1,0,1,0,0,0
HG04219,SAS,5;1167618,C,0,0,1,0,0,0
HG04219,SAS,5;1175892,G,0,0,1,0,0,0
HG04219,SAS,5;1398007,T,0,0,1,0,0,0
HG04219,SAS,5;1447860,T,1,0,1,0,0,0
HG04219,SAS,5;1721485,C,0,0,1,0,0,0
NA19740,AMR,5;195139,T,0,0,0,0,1,0
NA19740,AMR,5;336952,C,0,0,0,0,1,0
NA19740,AMR,5;389603,C,0,0,0,0,1,0
NA19740,AMR,5;851582,A,1,0,0,0,1,0
NA19740,AMR,5;1144802,C,1,0,0,0,1,0
NA19740,AMR,5;1167618,C,1,0,0,0,1,0
NA19740,AMR,5;1175892,G,0,0,0,0,1,0
NA19740,AMR,5;1398007,T,0,0,0,0,1,0
NA19740,AMR,5;1447860,T,1,0,0,0,1,0
NA19740,AMR,5;1721485,C,1,0,0,0,1,0
HG00613,EAS,5;195139,T,0,0,0,0,0,1
HG00613,EAS,5;336952,C,0,0,0,0,0,1
HG00613,EAS,5;389603,C,0,0,0,0,0,1
HG00613,EAS,5;851582,A,1,0,0,0,0,1
HG00613,EAS,5;1144802,C,1,0,0,0,0,1
HG00613,EAS,5;1167618,C,0,0,0,0,0,1
HG00613,EAS,5;1175892,G,0,0,0,0,0,1
HG00613,EAS,5;1398007,T,0,0,0,0,0,1
HG00613,EAS,5;1447860,T,1,0,0,0,0,1
HG00613,EAS,5;1721485,C,1,0,0,0,0,1
NA19059,EAS,5;195139,T,0,0,0,0,0,1
NA19059,EAS,5;336952,C,1,0,0,0,0,1
NA19059,EAS,5;389603,C,0,0,0,0,0,1
NA19059,EAS,5;851582,A,0,0,0,0,0,1
NA19059,EAS,5;1144802,C,1,0,0,0,0,1
NA19059,EAS,5;1167618,C,0,0,0,0,0,1
NA19059,EAS,5;1175892,G,0,0,0,0,0,1
NA19059,EAS,5;1398007,T,0,0,0,0,0,1
NA19059,EAS,5;1447860,T,0,0,0,0,0,1
NA19059,EAS,5;1721485,C,1,0,0,0,0,1
NA19035,AFR,5;195139,T,0,0,0,1,0,0
NA19035,AFR,5;336952,C,0,0,0,1,0,0
NA19035,AFR,5;389603,C,1,0,0,1,0,0
NA19035,AFR,5;851582,A,1,0,0,1,0,0
NA19035,AFR,5;1144802,C,1,0,0,1,0,0
NA19035,AFR,5;1167618,C,1,0,0,1,0,0
NA19035,AFR,5;1175892,G,0,0,0,1,0,0
NA19035,AFR,5;1398007,T,0,0,0,1,0,0
NA19035,AFR,5;1447860,T,0,0,0,1,0,0
NA19035,AFR,5;1721485,C,0,0,0,1,0,0
HG02585,AFR,5;195139,T,0,0,0,1,0,0
HG02585,AFR,5;336952,C,0,0,0,1,0,0
HG02585,AFR,5;389603,C,1,0,0,1,0,0
HG02585,AFR,5;851582,A,0,0,0,1,0,0
HG02585,AFR,5;1144802,C,1,0,0,1,0,0
HG02585,AFR,5;1167618,C,0,0,0,1,0,0
HG02585,AFR,5;1175892,G,0,0,0,1,0,0
HG02585,AFR,5;1398007,T,0,0,0,1,0,0
HG02585,AFR,5;1447860,T,0,0,0,1,0,0
HG02585,AFR,5;1721485,C,1,0,0,1,0,0
NA19206,AFR,5;195139,T,0,0,0,1,0,0
NA19206,AFR,5;336952,C,0,0,0,1,0,0
NA19206,AFR,5;389603,C,1,0,0,1,0,0
NA19206,AFR,5;851582,A,1,0,0,1,0,0
NA19206,AFR,5;1144802,C,1,0,0,1,0,0
NA19206,AFR,5;1167618,C,0,0,0,1,0,0
NA19206,AFR,5;1175892,G,0,0,0,1,0,0
NA19206,AFR,5;1398007,T,0,0,0,1,0,0
NA19206,AFR,5;1447860,T,0,0,0,1,0,0
NA19206,AFR,5;1721485,C,0,0,0,1,0,0
HG01095,AMR,5;195139,T,0,0,0,0,1,0
HG01095,AMR,5;336952,C,1,0,0,0,1,0
HG01095,AMR,5;389603,C,1,0,0,0,1,0
HG01095,AMR,5;851582,A,1,0,0,0,1,0
HG01095,AMR,5;1144802,C,1,0,0,0,1,0
HG01095,AMR,5;1167618,C,1,0,0,0,1,0
HG01095,AMR,5;1175892,G,0,0,0,0,1,0
HG01095,AMR,5;1398007,T,0,0,0,0,1,0
HG01095,AMR,5;1447860,T,1,0,0,0,1,0
HG01095,AMR,5;1721485,C,1,0,0,0,1,0
HG03577,AFR,5;195139,T,0,0,0,1,0,0
HG03577,AFR,5;336952,C,0,0,0,1,0,0
HG03577,AFR,5;389603,C,1,0,0,1,0,0
HG03577,AFR,5;851582,A,0,0,0,1,0,0
HG03577,AFR,5;1144802,C,1,0,0,1,0,0
HG03577,AFR,5;1167618,C,1,0,0,1,0,0
HG03577,AFR,5;1175892,G,0,0,0,1,0,0
HG03577,AFR,5;1398007,T,1,0,0,1,0,0
HG03577,AFR,5;1447860,T,1,0,0,1,0,0
HG03577,AFR,5;1721485,C,1,0,0,1,0,0
HG03744,SAS,5;195139,T,0,0,1,0,0,0
HG03744,SAS,5;336952,C,1,0,1,0,0,0
HG03744,SAS,5;389603,C,0,0,1,0,0,0
HG03744,SAS,5;851582,A,1,0,1,0,0,0
HG03744,SAS,5;1144802,C,1,0,1,0,0,0
HG03744,SAS,5;1167618,C,0,0,1,0,0,0
HG03744,SAS,5;1175892,G,0,0,1,0,0,0
HG03744,SAS,5;1398007,T,0,0,1,0,0,0
HG03744,SAS,5;1447860,T,0,0,1,0,0,0
HG03744,SAS,5;1721485,C,1,0,1,0,0,0
HG02151,EAS,5;195139,T,0,0,0,0,0,1
HG02151,EAS,5;336952,C,0,0,0,0,0,1
HG02151,EAS,5;389603,C,1,0,0,0,0,1
HG02151,EAS,5;851582,A,1,0,0,0,0,1
HG02151,EAS,5;1144802,C,1,0,0,0,0,1
HG02151,EAS,5;1167618,C,1,0,0,0,0,1
HG02151,EAS,5;1175892,G,0,0,0,0,0,1
HG02151,EAS,5;1398007,T,0,0,0,0,0,1
HG02151,EAS,5;1447860,T,0,0,0,0,0,1
HG02151,EAS,5;1721485,C,1,0,0,0,0,1
HG02380,EAS,5;195139,T,0,0,0,0,0,1
HG02380,EAS,5;336952,C,0,0,0,0,0,1
HG02380,EAS,5;389603,C,1,0,0,0,0,1
HG02380,EAS,5;851582,A,0,0,0,0,0,1
HG02380,EAS,5;1144802,C,1,0,0,0,0,1
HG02380,EAS,5;1167618,C,0,0,0,0,0,1
HG02380,EAS,5;1175892,G,0,0,0,0,0,1
HG02380,EAS,5;1398007,T,0,0,0,0,0,1
HG02380,EAS,5;1447860,T,1,0,0,0,0,1
HG02380,EAS,5;1721485,C,1,0,0,0,0,1
NA19338,AFR,5;195139,T,0,0,0,1,0,0
NA19338,AFR,5;336952,C,1,0,0,1,0,0
NA19338,AFR,5;389603,C,1,0,0,1,0,0
NA19338,AFR,5;851582,A,0,0,0,1,0,0
NA19338,AFR,5;1144802,C,1,0,0,1,0,0
NA19338,AFR,5;1167618,C,1,0,0,1,0,0
NA19338,AFR,5;1175892,G,0,0,0,1,0,0
NA19338,AFR,5;1398007,T,0,0,0,1,0,0
NA19338,AFR,5;1447860,T,0,0,0,1,0,0
NA19338,AFR,5;1721485,C,1,0,0,1,0,0
HG03607,SAS,5;195139,T,0,0,1,0,0,0
HG03607,SAS,5;336952,C,0,0,1,0,0,0
HG03607,SAS,5;389603,C,0,0,1,0,0,0
HG03607,SAS,5;851582,A,1,0,1,0,0,0
HG03607,SAS,5;1144802,C,1,0,1,0,0,0
HG03607,SAS,5;1167618,C,0,0,1,0,0,0
HG03607,SAS,5;1175892,G,0,0,1,0,0,0
HG03607,SAS,5;1398007,T,0,0,1,0,0,0
HG03607,SAS,5;1447860,T,1,0,1,0,0,0
HG03607,SAS,5;1721485,C,1,0,1,0,0,0
HG00138,EUR,5;195139,T,0,1,0,0,0,0
HG00138,EUR,5;336952,C,1,1,0,0,0,0
HG00138,EUR,5;389603,C,0,1,0,0,0,0
HG00138,EUR,5;851582,A,0,1,0,0,0,0
HG00138,EUR,5;1144802,C,1,1,0,0,0,0
HG00138,EUR,5;1167618,C,0,1,0,0,0,0
HG00138,EUR,5;1175892,G,0,1,0,0,0,0
HG00138,EUR,5;1398007,T,0,1,0,0,0,0
HG00138,EUR,5;1447860,T,1,1,0,0,0,0
HG00138,EUR,5;1721485,C,1,1,0,0,0,0
NA20887,SAS,5;195139,T,0,0,1,0,0,0
NA20887,SAS,5;336952,C,1,0,1,0,0,0
NA20887,SAS,5;389603,C,0,0,1,0,0,0
NA20887,SAS,5;851582,A,1,0,1,0,0,0
NA20887,SAS,5;1144802,C,1,0,1,0,0,0
NA20887,SAS,5;1167618,C,0,0,1,0,0,0
NA20887,SAS,5;1175892,G,0,0,1,0,0,0
NA20887,SAS,5;1398007,T,0,0,1,0,0,0
NA20887,SAS,5;1447860,T,1,0,1,0,0,0
NA20887,SAS,5;1721485,C,1,0,1,0,0,0
HG03685,SAS,5;195139,T,0,0,1,0,0,0
HG03685,SAS,5;336952,C,1,0,1,0,0,0
HG03685,SAS,5;389603,C,0,0,1,0,0,0
HG03685,SAS,5;851582,A,1,0,1,0,0,0
HG03685,SAS,5;1144802,C,1,0,1,0,0,0
HG03685,SAS,5;1167618,C,1,0,1,0,0,0
HG03685,SAS,5;1175892,G,0,0,1,0,0,0
HG03685,SAS,5;1398007,T,0,0,1,0,0,0
HG03685,SAS,5;1447860,T,1,0,1,0,0,0
HG03685,SAS,5;1721485,C,1,0,1,0,0,0
HG00267,EUR,5;195139,T,0,1,0,0,0,0
HG00267,EUR,5;336952,C,1,1,0,0,0,0
HG00267,EUR,5;389603,C,0,1,0,0,0,0
HG00267,EUR,5;851582,A,1,1,0,0,0,0
HG00267,EUR,5;1144802,C,1,1,0,0,0,0
HG00267,EUR,5;1167618,C,0,1,0,0,0,0
HG00267,EUR,5;1175892,G,0,1,0,0,0,0
HG00267,EUR,5;1398007,T,1,1,0,0,0,0
HG00267,EUR,5;1447860,T,0,1,0,0,0,0
HG00267,EUR,5;1721485,C,1,1,0,0,0,0
NA20351,AFR,5;195139,T,0,0,0,1,0,0
NA20351,AFR,5;336952,C,1,0,0,1,0,0
NA20351,AFR,5;389603,C,1,0,0,1,0,0
NA20351,AFR,5;851582,A,0,0,0,1,0,0
NA20351,AFR,5;1144802,C,1,0,0,1,0,0
NA20351,AFR,5;1167618,C,0,0,0,1,0,0
NA20351,AFR,5;1175892,G,0,0,0,1,0,0
NA20351,AFR,5;1398007,T,0,0,0,1,0,0
NA20351,AFR,5;1447860,T,1,0,0,1,0,0
NA20351,AFR,5;1721485,C,1,0,0,1,0,0
HG01125,AMR,5;195139,T,0,0,0,0,1,0
HG01125,AMR,5;336952,C,0,0,0,0,1,0
HG01125,AMR,5;389603,C,1,0,0,0,1,0
HG01125,AMR,5;851582,A,0,0,0,0,1,0
HG01125,AMR,5;1144802,C,1,0,0,0,1,0
HG01125,AMR,5;1167618,C,0,0,0,0,1,0
HG01125,AMR,5;1175892,G,0,0,0,0,1,0
HG01125,AMR,5;1398007,T,0,0,0,0,1,0
HG01125,AMR,5;1447860,T,0,0,0,0,1,0
HG01125,AMR,5;1721485,C,1,0,0,0,1,0
HG03800,SAS,5;195139,T,0,0,1,0,0,0
HG03800,SAS,5;336952,C,0,0,1,0,0,0
HG03800,SAS,5;389603,C,0,0,1,0,0,0
HG03800,SAS,5;851582,A,1,0,1,0,0,0
HG03800,SAS,5;1144802,C,1,0,1,0,0,0
HG03800,SAS,5;1167618,C,0,0,1,0,0,0
HG03800,SAS,5;1175892,G,0,0,1,0,0,0
HG03800,SAS,5;1398007,T,0,0,1,0,0,0
HG03800,SAS,5;1447860,T,0,0,1,0,0,0
HG03800,SAS,5;1721485,C,1,0,1,0,0,0
NA19090,EAS,5;195139,T,0,0,0,0,0,1
NA19090,EAS,5;336952,C,0,0,0,0,0,1
NA19090,EAS,5;389603,C,0,0,0,0,0,1
NA19090,EAS,5;851582,A,0,0,0,0,0,1
NA19090,EAS,5;1144802,C,1,0,0,0,0,1
NA19090,EAS,5;1167618,C,1,0,0,0,0,1
NA19090,EAS,5;1175892,G,0,0,0,0,0,1
NA19090,EAS,5;1398007,T,0,0,0,0,0,1
NA19090,EAS,5;1447860,T,0,0,0,0,0,1
NA19090,EAS,5;1721485,C,1,0,0,0,0,1
HG00315,EUR,5;195139,T,0,1,0,0,0,0
HG00315,EUR,5;336952,C,1,1,0,0,0,0
HG00315,EUR,5;389603,C,0,1,0,0,0,0
HG00315,EUR,5;851582,A,1,1,0,0,0,0
HG00315,EUR,5;1144802,C,1,1,0,0,0,0
HG00315,EUR,5;1167618,C,1,1,0,0,0,0
HG00315,EUR,5;1175892,G,0,1,0,0,0,0
HG00315,EUR,5;1398007,T,0,1,0,0,0,0
HG00315,EUR,5;1447860,T,1,1,0,0,0,0
HG00315,EUR,5;1721485,C,1,1,0,0,0,0
HG03940,SAS,5;195139,T,0,0,1,0,0,0
HG03940,SAS,5;336952,C,0,0,1,0,0,0
HG03940,SAS,5;389603,C,0,0,1,0,0,0
HG03940,SAS,5;851582,A,0,0,1,0,0,0
HG03940,SAS,5;1144802,C,1,0,1,0,0,0
HG03940,SAS,5;1167618,C,0,0,1,0,0,0
HG03940,SAS,5;1175892,G,0,0,1,0,0,0
HG03940,SAS,5;1398007,T,0,0,1,0,0,0
HG03940,SAS,5;1447860,T,0,0,1,0,0,0
HG03940,SAS,5;1721485,C,0,0,1,0,0,0
HG00145,EUR,5;195139,T,0,1,0,0,0,0
HG00145,EUR,5;336952,C,0,1,0,0,0,0
HG00145,EUR,5;389603,C,1,1,0,0,0,0
HG00145,EUR,5;851582,A,1,1,0,0,0,0
HG00145,EUR,5;1144802,C,1,1,0,0,0,0
HG00145,EUR,5;1167618,C,0,1,0,0,0,0
HG00145,EUR,5;1175892,G,0,1,0,0,0,0
HG00145,EUR,5;1398007,T,0,1,0,0,0,0
HG00145,EUR,5;1447860,T,1,1,0,0,0,0
HG00145,EUR,5;1721485,C,1,1,0,0,0,0
HG04161,SAS,5;195139,T,0,0,1,0,0,0
HG04161,SAS,5;336952,C,0,0,1,0,0,0
HG04161,SAS,5;389603,C,1,0,1,0,0,0
HG04161,SAS,5;851582,A,1,0,1,0,0,0
HG04161,SAS,5;1144802,C,1,0,1,0,0,0
HG04161,SAS,5;1167618,C,0,0,1,0,0,0
HG04161,SAS,5;1175892,G,0,0,1,0,0,0
HG04161,SAS,5;1398007,T,0,0,1,0,0,0
HG04161,SAS,5;1447860,T,0,0,1,0,0,0
HG04161,SAS,5;1721485,C,0,0,1,0,0,0
NA18647,EAS,5;195139,T,0,0,0,0,0,1
NA18647,EAS,5;336952,C,0,0,0,0,0,1
NA18647,EAS,5;389603,C,0,0,0,0,0,1
NA18647,EAS,5;851582,A,1,0,0,0,0,1
NA18647,EAS,5;1144802,C,1,0,0,0,0,1
NA18647,EAS,5;1167618,C,0,0,0,0,0,1
NA18647,EAS,5;1175892,G,0,0,0,0,0,1
NA18647,EAS,5;1398007,T,0,0,0,0,0,1
NA18647,EAS,5;1447860,T,1,0,0,0,0,1
NA18647,EAS,5;1721485,C,0,0,0,0,0,1
HG00290,EUR,5;195139,T,0,1,0,0,0,0
HG00290,EUR,5;336952,C,1,1,0,0,0,0
HG00290,EUR,5;389603,C,0,1,0,0,0,0
HG00290,EUR,5;851582,A,1,1,0,0,0,0
HG00290,EUR,5;1144802,C,1,1,0,0,0,0
HG00290,EUR,5;1167618,C,0,1,0,0,0,0
HG00290,EUR,5;1175892,G,0,1,0,0,0,0
HG00290,EUR,5;1398007,T,1,1,0,0,0,0
HG00290,EUR,5;1447860,T,1,1,0,0,0,0
HG00290,EUR,5;1721485,C,1,1,0,0,0,0
HG00118,EUR,5;195139,T,0,1,0,0,0,0
HG00118,EUR,5;336952,C,1,1,0,0,0,0
HG00118,EUR,5;389603,C,0,1,0,0,0,0
HG00118,EUR,5;851582,A,1,1,0,0,0,0
HG00118,EUR,5;1144802,C,0,1,0,0,0,0
HG00118,EUR,5;1167618,C,0,1,0,0,0,0
HG00118,EUR,5;1175892,G,0,1,0,0,0,0
HG00118,EUR,5;1398007,T,0,1,0,0,0,0
HG00118,EUR,5;1447860,T,1,1,0,0,0,0
HG00118,EUR,5;1721485,C,1,1,0,0,0,0
HG03099,AFR,5;195139,T,0,0,0,1,0,0
HG03099,AFR,5;336952,C,0,0,0,1,0,0
HG03099,AFR,5;389603,C,1,0,0,1,0,0
HG03099,AFR,5;851582,A,1,0,0,1,0,0
HG03099,AFR,5;1144802,C,1,0,0,1,0,0
HG03099,AFR,5;1167618,C,1,0,0,1,0,0
HG03099,AFR,5;1175892,G,0,0,0,1,0,0
HG03099,AFR,5;1398007,T,1,0,0,1,0,0
HG03099,AFR,5;1447860,T,0,0,0,1,0,0
HG03099,AFR,5;1721485,C,1,0,0,1,0,0
HG00982,EAS,5;195139,T,0,0,0,0,0,1
HG00982,EAS,5;336952,C,1,0,0,0,0,1
HG00982,EAS,5;389603,C,1,0,0,0,0,1
HG00982,EAS,5;851582,A,1,0,0,0,0,1
HG00982,EAS,5;1144802,C,1,0,0,0,0,1
HG00982,EAS,5;1167618,C,0,0,0,0,0,1
HG00982,EAS,5;1175892,G,0,0,0,0,0,1
HG00982,EAS,5;1398007,T,0,0,0,0,0,1
HG00982,EAS,5;1447860,T,1,0,0,0,0,1
HG00982,EAS,5;1721485,C,1,0,0,0,0,1
HG00366,EUR,5;195139,T,0,1,0,0,0,0
HG00366,EUR,5;336952,C,0,1,0,0,0,0
HG00366,EUR,5;389603,C,1,1,0,0,0,0
HG00366,EUR,5;851582,A,0,1,0,0,0,0
HG00366,EUR,5;1144802,C,1,1,0,0,0,0
HG00366,EUR,5;1167618,C,0,1,0,0,0,0
HG00366,EUR,5;1175892,G,0,1,0,0,0,0
HG00366,EUR,5;1398007,T,0,1,0,0,0,0
HG00366,EUR,5;1447860,T,1,1,0,0,0,0
HG00366,EUR,5;1721485,C,0,1,0,0,0,0
NA11992,EUR,5;195139,T,0,1,0,0,0,0
NA11992,EUR,5;336952,C,1,1,0,0,0,0
NA11992,EUR,5;389603,C,0,1,0,0,0,0
NA11992,EUR,5;851582,A,0,1,0,0,0,0
NA11992,EUR,5;1144802,C,0,1,0,0,0,0
NA11992,EUR,5;1167618,C,0,1,0,0,0,0
NA11992,EUR,5;1175892,G,0,1,0,0,0,0
NA11992,EUR,5;1398007,T,0,1,0,0,0,0
NA11992,EUR,5;1447860,T,1,1,0,0,0,0
NA11992,EUR,5;1721485,C,1,1,0,0,0,0
NA20886,SAS,5;195139,T,0,0,1,0,0,0
NA20886,SAS,5;336952,C,1,0,1,0,0,0
NA20886,SAS,5;389603,C,0,0,1,0,0,0
NA20886,SAS,5;851582,A,1,0,1,0,0,0
NA20886,SAS,5;1144802,C,1,0,1,0,0,0
NA20886,SAS,5;1167618,C,0,0,1,0,0,0
NA20886,SAS,5;1175892,G,0,0,1,0,0,0
NA20886,SAS,5;1398007,T,0,0,1,0,0,0
NA20886,SAS,5;1447860,T,0,0,1,0,0,0
NA20886,SAS,5;1721485,C,0,0,1,0,0,0
HG00759,EAS,5;195139,T,0,0,0,0,0,1
HG00759,EAS,5;336952,C,1,0,0,0,0,1
HG00759,EAS,5;389603,C,0,0,0,0,0,1
HG00759,EAS,5;851582,A,1,0,0,0,0,1
HG00759,EAS,5;1144802,C,1,0,0,0,0,1
HG00759,EAS,5;1167618,C,0,0,0,0,0,1
HG00759,EAS,5;1175892,G,0,0,0,0,0,1
HG00759,EAS,5;1398007,T,0,0,0,0,0,1
HG00759,EAS,5;1447860,T,0,0,0,0,0,1
HG00759,EAS,5;1721485,C,0,0,0,0,0,1
HG00382,EUR,5;195139,T,0,1,0,0,0,0
HG00382,EUR,5;336952,C,1,1,0,0,0,0
HG00382,EUR,5;389603,C,0,1,0,0,0,0
HG00382,EUR,5;851582,A,1,1,0,0,0,0
HG00382,EUR,5;1144802,C,1,1,0,0,0,0
HG00382,EUR,5;1167618,C,0,1,0,0,0,0
HG00382,EUR,5;1175892,G,0,1,0,0,0,0
HG00382,EUR,5;1398007,T,0,1,0,0,0,0
HG00382,EUR,5;1447860,T,1,1,0,0,0,0
HG00382,EUR,5;1721485,C,1,1,0,0,0,0
HG02789,SAS,5;195139,T,0,0,1,0,0,0
HG02789,SAS,5;336952,C,1,0,1,0,0,0
HG02789,SAS,5;389603,C,0,0,1,0,0,0
HG02789,SAS,5;851582,A,1,0,1,0,0,0
HG02789,SAS,5;1144802,C,1,0,1,0,0,0
HG02789,SAS,5;1167618,C,0,0,1,0,0,0
HG02789,SAS,5;1175892,G,0,0,1,0,0,0
HG02789,SAS,5;1398007,T,0,0,1,0,0,0
HG02789,SAS,5;1447860,T,1,0,1,0,0,0
HG02789,SAS,5;1721485,C,0,0,1,0,0,0
HG04019,SAS,5;195139,T,0,0,1,0,0,0
HG04019,SAS,5;336952,C,1,0,1,0,0,0
HG04019,SAS,5;389603,C,0,0,1,0,0,0
HG04019,SAS,5;851582,A,0,0,1,0,0,0
HG04019,SAS,5;1144802,C,1,0,1,0,0,0
HG04019,SAS,5;1167618,C,0,0,1,0,0,0
HG04019,SAS,5;1175892,G,0,0,1,0,0,0
HG04019,SAS,5;1398007,T,0,0,1,0,0,0
HG04019,SAS,5;1447860,T,1,0,1,0,0,0
HG04019,SAS,5;1721485,C,1,0,1,0,0,0
HG01275,AMR,5;195139,T,0,0,0,0,1,0
HG01275,AMR,5;336952,C,0,0,0,0,1,0
HG01275,AMR,5;389603,C,0,0,0,0,1,0
HG01275,AMR,5;851582,A,0,0,0,0,1,0
HG01275,AMR,5;1144802,C,1,0,0,0,1,0
HG01275,AMR,5;1167618,C,1,0,0,0,1,0
HG01275,AMR,5;1175892,G,0,0,0,0,1,0
HG01275,AMR,5;1398007,T,0,0,0,0,1,0
HG01275,AMR,5;1447860,T,1,0,0,0,1,0
HG01275,AMR,5;1721485,C,1,0,0,0,1,0
HG04209,SAS,5;195139,T,0,0,1,0,0,0
HG04209,SAS,5;336952,C,1,0,1,0,0,0
HG04209,SAS,5;389603,C,0,0,1,0,0,0
HG04209,SAS,5;851582,A,1,0,1,0,0,0
HG04209,SAS,5;1144802,C,1,0,1,0,0,0
HG04209,SAS,5;1167618,C,0,0,1,0,0,0
HG04209,SAS,5;1175892,G,0,0,1,0,0,0
HG04209,SAS,5;1398007,T,0,0,1,0,0,0
HG04209,SAS,5;1447860,T,1,0,1,0,0,0
HG04209,SAS,5;1721485,C,1,0,1,0,0,0
NA18505,AFR,5;195139,T,0,0,0,1,0,0
NA18505,AFR,5;336952,C,0,0,0,1,0,0
NA18505,AFR,5;389603,C,1,0,0,1,0,0
NA18505,AFR,5;851582,A,1,0,0,1,0,0
NA18505,AFR,5;1144802,C,1,0,0,1,0,0
NA18505,AFR,5;1167618,C,1,0,0,1,0,0
NA18505,AFR,5;1175892,G,0,0,0,1,0,0
NA18505,AFR,5;1398007,T,0,0,0,1,0,0
NA18505,AFR,5;1447860,T,0,0,0,1,0,0
NA18505,AFR,5;1721485,C,0,0,0,1,0,0
NA19923,AFR,5;195139,T,0,0,0,1,0,0
NA19923,AFR,5;336952,C,0,0,0,1,0,0
NA19923,AFR,5;389603,C,1,0,0,1,0,0
NA19923,AFR,5;851582,A,0,0,0,1,0,0
NA19923,AFR,5;1144802,C,0,0,0,1,0,0
NA19923,AFR,5;1167618,C,0,0,0,1,0,0
NA19923,AFR,5;1175892,G,0,0,0,1,0,0
NA19923,AFR,5;1398007,T,0,0,0,1,0,0
NA19923,AFR,5;1447860,T,1,0,0,1,0,0
NA19923,AFR,5;1721485,C,1,0,0,1,0,0
HG02470,AFR,5;195139,T,0,0,0,1,0,0
HG02470,AFR,5;336952,C,0,0,0,1,0,0
HG02470,AFR,5;389603,C,1,0,0,1,0,0
HG02470,AFR,5;851582,A,1,0,0,1,0,0
HG02470,AFR,5;1144802,C,1,0,0,1,0,0
HG02470,AFR,5;1167618,C,1,0,0,1,0,0
HG02470,AFR,5;1175892,G,0,0,0,1,0,0
HG02470,AFR,5;1398007,T,0,0,0,1,0,0
HG02470,AFR,5;1447860,T,0,0,0,1,0,0
HG02470,AFR,5;1721485,C,1,0,0,1,0,0
HG03366,AFR,5;195139,T,0,0,0,1,0,0
HG03366,AFR,5;336952,C,0,0,0,1,0,0
HG03366,AFR,5;389603,C,1,0,0,1,0,0
HG03366,AFR,5;851582,A,0,0,0,1,0,0
HG03366,AFR,5;1144802,C,1,0,0,1,0,0
HG03366,AFR,5;1167618,C,0,0,0,1,0,0
HG03366,AFR,5;1175892,G,0,0,0,1,0,0
HG03366,AFR,5;1398007,T,1,0,0,1,0,0
HG03366,AFR,5;1447860,T,0,0,0,1,0,0
HG03366,AFR,5;1721485,C,1,0,0,1,0,0
NA20510,EUR,5;195139,T,0,1,0,0,0,0
NA20510,EUR,5;336952,C,1,1,0,0,0,0
NA20510,EUR,5;389603,C,1,1,0,0,0,0
NA20510,EUR,5;851582,A,1,1,0,0,0,0
NA20510,EUR,5;1144802,C,1,1,0,0,0,0
NA20510,EUR,5;1167618,C,0,1,0,0,0,0
NA20510,EUR,5;1175892,G,0,1,0,0,0,0
NA20510,EUR,5;1398007,T,0,1,0,0,0,0
NA20510,EUR,5;1447860,T,1,1,0,0,0,0
NA20510,EUR,5;1721485,C,1,1,0,0,0,0
HG02658,SAS,5;195139,T,0,0,1,0,0,0
HG02658,SAS,5;336952,C,1,0,1,0,0,0
HG02658,SAS,5;389603,C,0,0,1,0,0,0
HG02658,SAS,5;851582,A,0,0,1,0,0,0
HG02658,SAS,5;1144802,C,1,0,1,0,0,0
HG02658,SAS,5;1167618,C,0,0,1,0,0,0
HG02658,SAS,5;1175892,G,0,0,1,0,0,0
HG02658,SAS,5;1398007,T,0,0,1,0,0,0
HG02658,SAS,5;1447860,T,0,0,1,0,0,0
HG02658,SAS,5;1721485,C,1,0,1,0,0,0
HG01765,EUR,5;195139,T,0,1,0,0,0,0
HG01765,EUR,5;336952,C,0,1,0,0,0,0
HG01765,EUR,5;389603,C,1,1,0,0,0,0
HG01765,EUR,5;851582,A,0,1,0,0,0,0
HG01765,EUR,5;1144802,C,1,1,0,0,0,0
HG01765,EUR,5;1167618,C,0,1,0,0,0,0
HG01765,EUR,5;1175892,G,0,1,0,0,0,0
HG01765,EUR,5;1398007,T,0,1,0,0,0,0
HG01765,EUR,5;1447860,T,1,1,0,0,0,0
HG01765,EUR,5;1721485,C,1,1,0,0,0,0
HG02811,AFR,5;195139,T,0,0,0,1,0,0
HG02811,AFR,5;336952,C,0,0,0,1,0,0
HG02811,AFR,5;389603,C,1,0,0,1,0,0
HG02811,AFR,5;851582,A,1,0,0,1,0,0
HG02811,AFR,5;1144802,C,1,0,0,1,0,0
HG02811,AFR,5;1167618,C,0,0,0,1,0,0
HG02811,AFR,5;1175892,G,0,0,0,1,0,0
HG02811,AFR,5;1398007,T,0,0,0,1,0,0
HG02811,AFR,5;1447860,T,0,0,0,1,0,0
HG02811,AFR,5;1721485,C,1,0,0,1,0,0
HG01695,EUR,5;195139,T,0,1,0,0,0,0
HG01695,EUR,5;336952,C,0,1,0,0,0,0
HG01695,EUR,5;389603,C,1,1,0,0,0,0
HG01695,EUR,5;851582,A,0,1,0,0,0,0
HG01695,EUR,5;1144802,C,1,1,0,0,0,0
HG01695,EUR,5;1167618,C,1,1,0,0,0,0
HG01695,EUR,5;1175892,G,0,1,0,0,0,0
HG01695,EUR,5;1398007,T,0,1,0,0,0,0
HG01695,EUR,5;1447860,T,1,1,0,0,0,0
HG01695,EUR,5;1721485,C,0,1,0,0,0,0
HG00180,EUR,5;195139,T,0,1,0,0,0,0
HG00180,EUR,5;336952,C,0,1,0,0,0,0
HG00180,EUR,5;389603,C,1,1,0,0,0,0
HG00180,EUR,5;851582,A,0,1,0,0,0,0
HG00180,EUR,5;1144802,C,1,1,0,0,0,0
HG00180,EUR,5;1167618,C,0,1,0,0,0,0
HG00180,EUR,5;1175892,G,0,1,0,0,0,0
HG00180,EUR,5;1398007,T,0,1,0,0,0,0
HG00180,EUR,5;1447860,T,1,1,0,0,0,0
HG00180,EUR,5;1721485,C,1,1,0,0,0,0
HG01632,EUR,5;195139,T,0,1,0,0,0,0
HG01632,EUR,5;336952,C,1,1,0,0,0,0
HG01632,EUR,5;389603,C,0,1,0,0,0,0
HG01632,EUR,5;851582,A,0,1,0,0,0,0
HG01632,EUR,5;1144802,C,1,1,0,0,0,0
HG01632,EUR,5;1167618,C,0,1,0,0,0,0
HG01632,EUR,5;1175892,G,0,1,0,0,0,0
HG01632,EUR,5;1398007,T,0,1,0,0,0,0
HG01632,EUR,5;1447860,T,1,1,0,0,0,0
HG01632,EUR,5;1721485,C,1,1,0,0,0,0
HG01841,EAS,5;195139,T,0,0,0,0,0,1
HG01841,EAS,5;336952,C,1,0,0,0,0,1
HG01841,EAS,5;389603,C,0,0,0,0,0,1
HG01841,EAS,5;851582,A,0,0,0,0,0,1
HG01841,EAS,5;1144802,C,1,0,0,0,0,1
HG01841,EAS,5;1167618,C,0,0,0,0,0,1
HG01841,EAS,5;1175892,G,0,0,0,0,0,1
HG01841,EAS,5;1398007,T,0,0,0,0,0,1
HG01841,EAS,5;1447860,T,1,0,0,0,0,1
HG01841,EAS,5;1721485,C,0,0,0,0,0,1
HG01843,EAS,5;195139,T,0,0,0,0,0,1
HG01843,EAS,5;336952,C,0,0,0,0,0,1
HG01843,EAS,5;389603,C,0,0,0,0,0,1
HG01843,EAS,5;851582,A,0,0,0,0,0,1
HG01843,EAS,5;1144802,C,1,0,0,0,0,1
HG01843,EAS,5;1167618,C,0,0,0,0,0,1
HG01843,EAS,5;1175892,G,0,0,0,0,0,1
HG01843,EAS,5;1398007,T,0,0,0,0,0,1
HG01843,EAS,5;1447860,T,0,0,0,0,0,1
HG01843,EAS,5;1721485,C,0,0,0,0,0,1
NA19762,AMR,5;195139,T,0,0,0,0,1,0
NA19762,AMR,5;336952,C,0,0,0,0,1,0
NA19762,AMR,5;389603,C,0,0,0,0,1,0
NA19762,AMR,5;851582,A,1,0,0,0,1,0
NA19762,AMR,5;1144802,C,1,0,0,0,1,0
NA19762,AMR,5;1167618,C,0,0,0,0,1,0
NA19762,AMR,5;1175892,G,0,0,0,0,1,0
NA19762,AMR,5;1398007,T,0,0,0,0,1,0
NA19762,AMR,5;1447860,T,1,0,0,0,1,0
NA19762,AMR,5;1721485,C,1,0,0,0,1,0
HG00107,EUR,5;195139,T,0,1,0,0,0,0
HG00107,EUR,5;336952,C,1,1,0,0,0,0
HG00107,EUR,5;389603,C,1,1,0,0,0,0
HG00107,EUR,5;851582,A,0,1,0,0,0,0
HG00107,EUR,5;1144802,C,1,1,0,0,0,0
HG00107,EUR,5;1167618,C,0,1,0,0,0,0
HG00107,EUR,5;1175892,G,0,1,0,0,0,0
HG00107,EUR,5;1398007,T,0,1,0,0,0,0
HG00107,EUR,5;1447860,T,0,1,0,0,0,0
HG00107,EUR,5;1721485,C,1,1,0,0,0,0
HG01997,AMR,5;195139,T,0,0,0,0,1,0
HG01997,AMR,5;336952,C,0,0,0,0,1,0
HG01997,AMR,5;389603,C,0,0,0,0,1,0
HG01997,AMR,5;851582,A,0,0,0,0,1,0
HG01997,AMR,5;1144802,C,1,0,0,0,1,0
HG01997,AMR,5;1167618,C,1,0,0,0,1,0
HG01997,AMR,5;1175892,G,0,0,0,0,1,0
HG01997,AMR,5;1398007,T,1,0,0,0,1,0
HG01997,AMR,5;1447860,T,1,0,0,0,1,0
HG01997,AMR,5;1721485,C,0,0,0,0,1,0
NA19374,AFR,5;195139,T,0,0,0,1,0,0
NA19374,AFR,5;336952,C,0,0,0,1,0,0
NA19374,AFR,5;389603,C,1,0,0,1,0,0
NA19374,AFR,5;851582,A,0,0,0,1,0,0
NA19374,AFR,5;1144802,C,1,0,0,1,0,0
NA19374,AFR,5;1167618,C,0,0,0,1,0,0
NA19374,AFR,5;1175892,G,0,0,0,1,0,0
NA19374,AFR,5;1398007,T,0,0,0,1,0,0
NA19374,AFR,5;1447860,T,1,0,0,1,0,0
NA19374,AFR,5;1721485,C,1,0,0,1,0,0
NA19332,AFR,5;195139,T,0,0,0,1,0,0
NA19332,AFR,5;336952,C,0,0,0,1,0,0
NA19332,AFR,5;389603,C,1,0,0,1,0,0
NA19332,AFR,5;851582,A,0,0,0,1,0,0
NA19332,AFR,5;1144802,C,1,0,0,1,0,0
NA19332,AFR,5;1167618,C,1,0,0,1,0,0
NA19332,AFR,5;1175892,G,0,0,0,1,0,0
NA19332,AFR,5;1398007,T,0,0,0,1,0,0
NA19332,AFR,5;1447860,T,0,0,0,1,0,0
NA19332,AFR,5;1721485,C,1,0,0,1,0,0
HG03740,SAS,5;195139,T,0,0,1,0,0,0
HG03740,SAS,5;336952,C,1,0,1,0,0,0
HG03740,SAS,5;389603,C,0,0,1,0,0,0
HG03740,SAS,5;851582,A,1,0,1,0,0,0
HG03740,SAS,5;1144802,C,0,0,1,0,0,0
HG03740,SAS,5;1167618,C,0,0,1,0,0,0
HG03740,SAS,5;1175892,G,0,0,1,0,0,0
HG03740,SAS,5;1398007,T,0,0,1,0,0,0
HG03740,SAS,5;1447860,T,0,0,1,0,0,0
HG03740,SAS,5;1721485,C,0,0,1,0,0,0
HG03692,SAS,5;195139,T,0,0,1,0,0,0
HG03692,SAS,5;336952,C,1,0,1,0,0,0
HG03692,SAS,5;389603,C,0,0,1,0,0,0
HG03692,SAS,5;851582,A,0,0,1,0,0,0
HG03692,SAS,5;1144802,C,1,0,1,0,0,0
HG03692,SAS,5;1167618,C,0,0,1,0,0,0
HG03692,SAS,5;1175892,G,0,0,1,0,0,0
HG03692,SAS,5;1398007,T,0,0,1,0,0,0
HG03692,SAS,5;1447860,T,1,0,1,0,0,0
HG03692,SAS,5;1721485,C,0,0,1,0,0,0
HG02494,SAS,5;195139,T,0,0,1,0,0,0
HG02494,SAS,5;336952,C,0,0,1,0,0,0
HG02494,SAS,5;389603,C,0,0,1,0,0,0
HG02494,SAS,5;851582,A,1,0,1,0,0,0
HG02494,SAS,5;1144802,C,1,0,1,0,0,0
HG02494,SAS,5;1167618,C,0,0,1,0,0,0
HG02494,SAS,5;1175892,G,0,0,1,0,0,0
HG02494,SAS,5;1398007,T,0,0,1,0,0,0
HG02494,SAS,5;1447860,T,1,0,1,0,0,0
HG02494,SAS,5;1721485,C,1,0,1,0,0,0
NA20822,EUR,5;195139,T,0,1,0,0,0,0
NA20822,EUR,5;336952,C,0,1,0,0,0,0
NA20822,EUR,5;389603,C,1,1,0,0,0,0
NA20822,EUR,5;851582,A,1,1,0,0,0,0
NA20822,EUR,5;1144802,C,1,1,0,0,0,0
NA20822,EUR,5;1167618,C,0,1,0,0,0,0
NA20822,EUR,5;1175892,G,0,1,0,0,0,0
NA20822,EUR,5;1398007,T,0,1,0,0,0,0
NA20822,EUR,5;1447860,T,1,1,0,0,0,0
NA20822,EUR,5;1721485,C,1,1,0,0,0,0
HG02620,AFR,5;195139,T,0,0,0,1,0,0
HG02620,AFR,5;336952,C,0,0,0,1,0,0
HG02620,AFR,5;389603,C,1,0,0,1,0,0
HG02620,AFR,5;851582,A,0,0,0,1,0,0
HG02620,AFR,5;1144802,C,1,0,0,1,0,0
HG02620,AFR,5;1167618,C,1,0,0,1,0,0
HG02620,AFR,5;1175892,G,0,0,0,1,0,0
HG02620,AFR,5;1398007,T,0,0,0,1,0,0
HG02620,AFR,5;1447860,T,0,0,0,1,0,0
HG02620,AFR,5;1721485,C,1,0,0,1,0,0
HG03436,AFR,5;195139,T,0,0,0,1,0,0
HG03436,AFR,5;336952,C,0,0,0,1,0,0
HG03436,AFR,5;389603,C,1,0,0,1,0,0
HG03436,AFR,5;851582,A,0,0,0,1,0,0
HG03436,AFR,5;1144802,C,1,0,0,1,0,0
HG03436,AFR,5;1167618,C,0,0,0,1,0,0
HG03436,AFR,5;1175892,G,0,0,0,1,0,0
HG03436,AFR,5;1398007,T,0,0,0,1,0,0
HG03436,AFR,5;1447860,T,1,0,0,1,0,0
HG03436,AFR,5;1721485,C,1,0,0,1,0,0
HG01097,AMR,5;195139,T,0,0,0,0,1,0
HG01097,AMR,5;336952,C,0,0,0,0,1,0
HG01097,AMR,5;389603,C,1,0,0,0,1,0
HG01097,AMR,5;851582,A,1,0,0,0,1,0
HG01097,AMR,5;1144802,C,1,0,0,0,1,0
HG01097,AMR,5;1167618,C,1,0,0,0,1,0
HG01097,AMR,5;1175892,G,0,0,0,0,1,0
HG01097,AMR,5;1398007,T,0,0,0,0,1,0
HG01097,AMR,5;1447860,T,1,0,0,0,1,0
HG01097,AMR,5;1721485,C,0,0,0,0,1,0
HG02364,EAS,5;195139,T,0,0,0,0,0,1
HG02364,EAS,5;336952,C,1,0,0,0,0,1
HG02364,EAS,5;389603,C,0,0,0,0,0,1
HG02364,EAS,5;851582,A,0,0,0,0,0,1
HG02364,EAS,5;1144802,C,0,0,0,0,0,1
HG02364,EAS,5;1167618,C,0,0,0,0,0,1
HG02364,EAS,5;1175892,G,0,0,0,0,0,1
HG02364,EAS,5;1398007,T,0,0,0,0,0,1
HG02364,EAS,5;1447860,T,1,0,0,0,0,1
HG02364,EAS,5;1721485,C,0,0,0,0,0,1
NA18572,EAS,5;195139,T,0,0,0,0,0,1
NA18572,EAS,5;336952,C,1,0,0,0,0,1
NA18572,EAS,5;389603,C,0,0,0,0,0,1
NA18572,EAS,5;851582,A,0,0,0,0,0,1
NA18572,EAS,5;1144802,C,1,0,0,0,0,1
NA18572,EAS,5;1167618,C,1,0,0,0,0,1
NA18572,EAS,5;1175892,G,0,0,0,0,0,1
NA18572,EAS,5;1398007,T,0,0,0,0,0,1
NA18572,EAS,5;1447860,T,0,0,0,0,0,1
NA18572,EAS,5;1721485,C,0,0,0,0,0,1
HG03772,SAS,5;195139,T,0,0,1,0,0,0
HG03772,SAS,5;336952,C,1,0,1,0,0,0
HG03772,SAS,5;389603,C,0,0,1,0,0,0
HG03772,SAS,5;851582,A,0,0,1,0,0,0
HG03772,SAS,5;1144802,C,1,0,1,0,0,0
HG03772,SAS,5;1167618,C,0,0,1,0,0,0
HG03772,SAS,5;1175892,G,0,0,1,0,0,0
HG03772,SAS,5;1398007,T,0,0,1,0,0,0
HG03772,SAS,5;1447860,T,1,0,1,0,0,0
HG03772,SAS,5;1721485,C,1,0,1,0,0,0
HG01894,AFR,5;195139,T,0,0,0,1,0,0
HG01894,AFR,5;336952,C,0,0,0,1,0,0
HG01894,AFR,5;389603,C,1,0,0,1,0,0
HG01894,AFR,5;851582,A,0,0,0,1,0,0
HG01894,AFR,5;1144802,C,1,0,0,1,0,0
HG01894,AFR,5;1167618,C,1,0,0,1,0,0
HG01894,AFR,5;1175892,G,0,0,0,1,0,0
HG01894,AFR,5;1398007,T,1,0,0,1,0,0
HG01894,AFR,5;1447860,T,1,0,0,1,0,0
HG01894,AFR,5;1721485,C,1,0,0,1,0,0
NA18959,EAS,5;195139,T,0,0,0,0,0,1
NA18959,EAS,5;336952,C,1,0,0,0,0,1
NA18959,EAS,5;389603,C,0,0,0,0,0,1
NA18959,EAS,5;851582,A,1,0,0,0,0,1
NA18959,EAS,5;1144802,C,1,0,0,0,0,1
NA18959,EAS,5;1167618,C,0,0,0,0,0,1
NA18959,EAS,5;1175892,G,0,0,0,0,0,1
NA18959,EAS,5;1398007,T,0,0,0,0,0,1
NA18959,EAS,5;1447860,T,0,0,0,0,0,1
NA18959,EAS,5;1721485,C,1,0,0,0,0,1
HG01598,EAS,5;195139,T,0,0,0,0,0,1
HG01598,EAS,5;336952,C,1,0,0,0,0,1
HG01598,EAS,5;389603,C,1,0,0,0,0,1
HG01598,EAS,5;851582,A,0,0,0,0,0,1
HG01598,EAS,5;1144802,C,1,0,0,0,0,1
HG01598,EAS,5;1167618,C,0,0,0,0,0,1
HG01598,EAS,5;1175892,G,0,0,0,0,0,1
HG01598,EAS,5;1398007,T,0,0,0,0,0,1
HG01598,EAS,5;1447860,T,1,0,0,0,0,1
HG01598,EAS,5;1721485,C,1,0,0,0,0,1
NA20903,SAS,5;195139,T,0,0,1,0,0,0
NA20903,SAS,5;336952,C,1,0,1,0,0,0
NA20903,SAS,5;389603,C,1,0,1,0,0,0
NA20903,SAS,5;851582,A,0,0,1,0,0,0
NA20903,SAS,5;1144802,C,1,0,1,0,0,0
NA20903,SAS,5;1167618,C,0,0,1,0,0,0
NA20903,SAS,5;1175892,G,1,0,1,0,0,0
NA20903,SAS,5;1398007,T,0,0,1,0,0,0
NA20903,SAS,5;1447860,T,1,0,1,0,0,0
NA20903,SAS,5;1721485,C,1,0,1,0,0,0
NA18593,EAS,5;195139,T,0,0,0,0,0,1
NA18593,EAS,5;336952,C,1,0,0,0,0,1
NA18593,EAS,5;389603,C,0,0,0,0,0,1
NA18593,EAS,5;851582,A,1,0,0,0,0,1
NA18593,EAS,5;1144802,C,0,0,0,0,0,1
NA18593,EAS,5;1167618,C,0,0,0,0,0,1
NA18593,EAS,5;1175892,G,0,0,0,0,0,1
NA18593,EAS,5;1398007,T,0,0,0,0,0,1
NA18593,EAS,5;1447860,T,0,0,0,0,0,1
NA18593,EAS,5;1721485,C,0,0,0,0,0,1
NA18981,EAS,5;195139,T,0,0,0,0,0,1
NA18981,EAS,5;336952,C,1,0,0,0,0,1
NA18981,EAS,5;389603,C,0,0,0,0,0,1
NA18981,EAS,5;851582,A,0,0,0,0,0,1
NA18981,EAS,5;1144802,C,1,0,0,0,0,1
NA18981,EAS,5;1167618,C,0,0,0,0,0,1
NA18981,EAS,5;1175892,G,0,0,0,0,0,1
NA18981,EAS,5;1398007,T,0,0,0,0,0,1
NA18981,EAS,5;1447860,T,0,0,0,0,0,1
NA18981,EAS,5;1721485,C,1,0,0,0,0,1
NA12878,EUR,5;195139,T,0,1,0,0,0,0
NA12878,EUR,5;336952,C,1,1,0,0,0,0
NA12878,EUR,5;389603,C,0,1,0,0,0,0
NA12878,EUR,5;851582,A,1,1,0,0,0,0
NA12878,EUR,5;1144802,C,1,1,0,0,0,0
NA12878,EUR,5;1167618,C,0,1,0,0,0,0
NA12878,EUR,5;1175892,G,0,1,0,0,0,0
NA12878,EUR,5;1398007,T,0,1,0,0,0,0
NA12878,EUR,5;1447860,T,1,1,0,0,0,0
NA12878,EUR,5;1721485,C,1,1,0,0,0,0
NA18992,EAS,5;195139,T,0,0,0,0,0,1
NA18992,EAS,5;336952,C,1,0,0,0,0,1
NA18992,EAS,5;389603,C,0,0,0,0,0,1
NA18992,EAS,5;851582,A,0,0,0,0,0,1
NA18992,EAS,5;1144802,C,1,0,0,0,0,1
NA18992,EAS,5;1167618,C,0,0,0,0,0,1
NA18992,EAS,5;1175892,G,0,0,0,0,0,1
NA18992,EAS,5;1398007,T,0,0,0,0,0,1
NA18992,EAS,5;1447860,T,1,0,0,0,0,1
NA18992,EAS,5;1721485,C,1,0,0,0,0,1
HG02155,EAS,5;195139,T,0,0,0,0,0,1
HG02155,EAS,5;336952,C,0,0,0,0,0,1
HG02155,EAS,5;389603,C,0,0,0,0,0,1
HG02155,EAS,5;851582,A,0,0,0,0,0,1
HG02155,EAS,5;1144802,C,1,0,0,0,0,1
HG02155,EAS,5;1167618,C,0,0,0,0,0,1
HG02155,EAS,5;1175892,G,0,0,0,0,0,1
HG02155,EAS,5;1398007,T,0,0,0,0,0,1
HG02155,EAS,5;1447860,T,0,0,0,0,0,1
HG02155,EAS,5;1721485,C,1,0,0,0,0,1
NA19663,AMR,5;195139,T,0,0,0,0,1,0
NA19663,AMR,5;336952,C,1,0,0,0,1,0
NA19663,AMR,5;389603,C,0,0,0,0,1,0
NA19663,AMR,5;851582,A,1,0,0,0,1,0
NA19663,AMR,5;1144802,C,1,0,0,0,1,0
NA19663,AMR,5;1167618,C,0,0,0,0,1,0
NA19663,AMR,5;1175892,G,0,0,0,0,1,0
NA19663,AMR,5;1398007,T,0,0,0,0,1,0
NA19663,AMR,5;1447860,T,1,0,0,0,1,0
NA19663,AMR,5;1721485,C,0,0,0,0,1,0
HG01935,AMR,5;195139,T,0,0,0,0,1,0
HG01935,AMR,5;336952,C,1,0,0,0,1,0
HG01935,AMR,5;389603,C,0,0,0,0,1,0
HG01935,AMR,5;851582,A,0,0,0,0,1,0
HG01935,AMR,5;1144802,C,1,0,0,0,1,0
HG01935,AMR,5;1167618,C,1,0,0,0,1,0
HG01935,AMR,5;1175892,G,0,0,0,0,1,0
HG01935,AMR,5;1398007,T,0,0,0,0,1,0
HG01935,AMR,5;1447860,T,1,0,0,0,1,0
HG01935,AMR,5;1721485,C,1,0,0,0,1,0
NA19083,EAS,5;195139,T,0,0,0,0,0,1
NA19083,EAS,5;336952,C,1,0,0,0,0,1
NA19083,EAS,5;389603,C,0,0,0,0,0,1
NA19083,EAS,5;851582,A,0,0,0,0,0,1
NA19083,EAS,5;1144802,C,0,0,0,0,0,1
NA19083,EAS,5;1167618,C,0,0,0,0,0,1
NA19083,EAS,5;1175892,G,0,0,0,0,0,1
NA19083,EAS,5;1398007,T,0,0,0,0,0,1
NA19083,EAS,5;1447860,T,0,0,0,0,0,1
NA19083,EAS,5;1721485,C,0,0,0,0,0,1
NA12751,EUR,5;195139,T,0,1,0,0,0,0
NA12751,EUR,5;336952,C,1,1,0,0,0,0
NA12751,EUR,5;389603,C,0,1,0,0,0,0
NA12751,EUR,5;851582,A,0,1,0,0,0,0
NA12751,EUR,5;1144802,C,1,1,0,0,0,0
NA12751,EUR,5;1167618,C,0,1,0,0,0,0
NA12751,EUR,5;1175892,G,1,1,0,0,0,0
NA12751,EUR,5;1398007,T,1,1,0,0,0,0
NA12751,EUR,5;1447860,T,1,1,0,0,0,0
NA12751,EUR,5;1721485,C,1,1,0,0,0,0
NA21088,SAS,5;195139,T,0,0,1,0,0,0
NA21088,SAS,5;336952,C,1,0,1,0,0,0
NA21088,SAS,5;389603,C,0,0,1,0,0,0
NA21088,SAS,5;851582,A,1,0,1,0,0,0
NA21088,SAS,5;1144802,C,1,0,1,0,0,0
NA21088,SAS,5;1167618,C,0,0,1,0,0,0
NA21088,SAS,5;1175892,G,0,0,1,0,0,0
NA21088,SAS,5;1398007,T,0,0,1,0,0,0
NA21088,SAS,5;1447860,T,1,0,1,0,0,0
NA21088,SAS,5;1721485,C,1,0,1,0,0,0
NA12058,EUR,5;195139,T,0,1,0,0,0,0
NA12058,EUR,5;336952,C,1,1,0,0,0,0
NA12058,EUR,5;389603,C,0,1,0,0,0,0
NA12058,EUR,5;851582,A,1,1,0,0,0,0
NA12058,EUR,5;1144802,C,1,1,0,0,0,0
NA12058,EUR,5;1167618,C,0,1,0,0,0,0
NA12058,EUR,5;1175892,G,0,1,0,0,0,0
NA12058,EUR,5;1398007,T,0,1,0,0,0,0
NA12058,EUR,5;1447860,T,1,1,0,0,0,0
NA12058,EUR,5;1721485,C,0,1,0,0,0,0
HG00339,EUR,5;195139,T,0,1,0,0,0,0
HG00339,EUR,5;336952,C,0,1,0,0,0,0
HG00339,EUR,5;389603,C,1,1,0,0,0,0
HG00339,EUR,5;851582,A,0,1,0,0,0,0
HG00339,EUR,5;1144802,C,0,1,0,0,0,0
HG00339,EUR,5;1167618,C,0,1,0,0,0,0
HG00339,EUR,5;1175892,G,0,1,0,0,0,0
HG00339,EUR,5;1398007,T,0,1,0,0,0,0
HG00339,EUR,5;1447860,T,1,1,0,0,0,0
HG00339,EUR,5;1721485,C,1,1,0,0,0,0
HG01519,EUR,5;195139,T,0,1,0,0,0,0
HG01519,EUR,5;336952,C,0,1,0,0,0,0
HG01519,EUR,5;389603,C,1,1,0,0,0,0
HG01519,EUR,5;851582,A,0,1,0,0,0,0
HG01519,EUR,5;1144802,C,1,1,0,0,0,0
HG01519,EUR,5;1167618,C,0,1,0,0,0,0
HG01519,EUR,5;1175892,G,0,1,0,0,0,0
HG01519,EUR,5;1398007,T,0,1,0,0,0,0
HG01519,EUR,5;1447860,T,1,1,0,0,0,0
HG01519,EUR,5;1721485,C,1,1,0,0,0,0
HG02286,AMR,5;195139,T,0,0,0,0,1,0
HG02286,AMR,5;336952,C,1,0,0,0,1,0
HG02286,AMR,5;389603,C,0,0,0,0,1,0
HG02286,AMR,5;851582,A,1,0,0,0,1,0
HG02286,AMR,5;1144802,C,1,0,0,0,1,0
HG02286,AMR,5;1167618,C,1,0,0,0,1,0
HG02286,AMR,5;1175892,G,0,0,0,0,1,0
HG02286,AMR,5;1398007,T,0,0,0,0,1,0
HG02286,AMR,5;1447860,T,0,0,0,0,1,0
HG02286,AMR,5;1721485,C,0,0,0,0,1,0
HG03196,AFR,5;195139,T,0,0,0,1,0,0
HG03196,AFR,5;336952,C,0,0,0,1,0,0
HG03196,AFR,5;389603,C,1,0,0,1,0,0
HG03196,AFR,5;851582,A,1,0,0,1,0,0
HG03196,AFR,5;1144802,C,1,0,0,1,0,0
HG03196,AFR,5;1167618,C,0,0,0,1,0,0
HG03196,AFR,5;1175892,G,0,0,0,1,0,0
HG03196,AFR,5;1398007,T,1,0,0,1,0,0
HG03196,AFR,5;1447860,T,1,0,0,1,0,0
HG03196,AFR,5;1721485,C,0,0,0,1,0,0
HG02652,SAS,5;195139,T,0,0,1,0,0,0
HG02652,SAS,5;336952,C,1,0,1,0,0,0
HG02652,SAS,5;389603,C,1,0,1,0,0,0
HG02652,SAS,5;851582,A,1,0,1,0,0,0
HG02652,SAS,5;1144802,C,1,0,1,0,0,0
HG02652,SAS,5;1167618,C,0,0,1,0,0,0
HG02652,SAS,5;1175892,G,0,0,1,0,0,0
HG02652,SAS,5;1398007,T,0,0,1,0,0,0
HG02652,SAS,5;1447860,T,1,0,1,0,0,0
HG02652,SAS,5;1721485,C,1,0,1,0,0,0
HG00119,EUR,5;195139,T,0,1,0,0,0,0
HG00119,EUR,5;336952,C,0,1,0,0,0,0
HG00119,EUR,5;389603,C,1,1,0,0,0,0
HG00119,EUR,5;851582,A,0,1,0,0,0,0
HG00119,EUR,5;1144802,C,1,1,0,0,0,0
HG00119,EUR,5;1167618,C,0,1,0,0,0,0
HG00119,EUR,5;1175892,G,0,1,0,0,0,0
HG00119,EUR,5;1398007,T,0,1,0,0,0,0
HG00119,EUR,5;1447860,T,1,1,0,0,0,0
HG00119,EUR,5;1721485,C,1,1,0,0,0,0
HG00607,EAS,5;195139,T,0,0,0,0,0,1
HG00607,EAS,5;336952,C,0,0,0,0,0,1
HG00607,EAS,5;389603,C,0,0,0,0,0,1
HG00607,EAS,5;851582,A,0,0,0,0,0,1
HG00607,EAS,5;1144802,C,1,0,0,0,0,1
HG00607,EAS,5;1167618,C,1,0,0,0,0,1
HG00607,EAS,5;1175892,G,0,0,0,0,0,1
HG00607,EAS,5;1398007,T,0,0,0,0,0,1
HG00607,EAS,5;1447860,T,0,0,0,0,0,1
HG00607,EAS,5;1721485,C,0,0,0,0,0,1
HG02611,AFR,5;195139,T,0,0,0,1,0,0
HG02611,AFR,5;336952,C,0,0,0,1,0,0
HG02611,AFR,5;389603,C,1,0,0,1,0,0
HG02611,AFR,5;851582,A,1,0,0,1,0,0
HG02611,AFR,5;1144802,C,1,0,0,1,0,0
HG02611,AFR,5;1167618,C,0,0,0,1,0,0
HG02611,AFR,5;1175892,G,0,0,0,1,0,0
HG02611,AFR,5;1398007,T,0,0,0,1,0,0
HG02611,AFR,5;1447860,T,0,0,0,1,0,0
HG02611,AFR,5;1721485,C,0,0,0,1,0,0
NA20321,AFR,5;195139,T,0,0,0,1,0,0
NA20321,AFR,5;336952,C,0,0,0,1,0,0
NA20321,AFR,5;389603,C,1,0,0,1,0,0
NA20321,AFR,5;851582,A,1,0,0,1,0,0
NA20321,AFR,5;1144802,C,1,0,0,1,0,0
NA20321,AFR,5;1167618,C,0,0,0,1,0,0
NA20321,AFR,5;1175892,G,0,0,0,1,0,0
NA20321,AFR,5;1398007,T,0,0,0,1,0,0
NA20321,AFR,5;1447860,T,0,0,0,1,0,0
NA20321,AFR,5;1721485,C,0,0,0,1,0,0
HG01939,AMR,5;195139,T,0,0,0,0,1,0
HG01939,AMR,5;336952,C,1,0,0,0,1,0
HG01939,AMR,5;389603,C,0,0,0,0,1,0
HG01939,AMR,5;851582,A,1,0,0,0,1,0
HG01939,AMR,5;1144802,C,1,0,0,0,1,0
HG01939,AMR,5;1167618,C,1,0,0,0,1,0
HG01939,AMR,5;1175892,G,0,0,0,0,1,0
HG01939,AMR,5;1398007,T,0,0,0,0,1,0
HG01939,AMR,5;1447860,T,0,0,0,0,1,0
HG01939,AMR,5;1721485,C,0,0,0,0,1,0
NA19984,AFR,5;195139,T,0,0,0,1,0,0
NA19984,AFR,5;336952,C,0,0,0,1,0,0
NA19984,AFR,5;389603,C,1,0,0,1,0,0
NA19984,AFR,5;851582,A,0,0,0,1,0,0
NA19984,AFR,5;1144802,C,1,0,0,1,0,0
NA19984,AFR,5;1167618,C,1,0,0,1,0,0
NA19984,AFR,5;1175892,G,0,0,0,1,0,0
NA19984,AFR,5;1398007,T,0,0,0,1,0,0
NA19984,AFR,5;1447860,T,0,0,0,1,0,0
NA19984,AFR,5;1721485,C,0,0,0,1,0,0
HG01858,EAS,5;195139,T,0,0,0,0,0,1
HG01858,EAS,5;336952,C,0,0,0,0,0,1
HG01858,EAS,5;389603,C,1,0,0,0,0,1
HG01858,EAS,5;851582,A,0,0,0,0,0,1
HG01858,EAS,5;1144802,C,1,0,0,0,0,1
HG01858,EAS,5;1167618,C,1,0,0,0,0,1
HG01858,EAS,5;1175892,G,0,0,0,0,0,1
HG01858,EAS,5;1398007,T,0,0,0,0,0,1
HG01858,EAS,5;1447860,T,0,0,0,0,0,1
HG01858,EAS,5;1721485,C,1,0,0,0,0,1
HG00628,EAS,5;195139,T,0,0,0,0,0,1
HG00628,EAS,5;336952,C,1,0,0,0,0,1
HG00628,EAS,5;389603,C,0,0,0,0,0,1
HG00628,EAS,5;851582,A,1,0,0,0,0,1
HG00628,EAS,5;1144802,C,1,0,0,0,0,1
HG00628,EAS,5;1167618,C,0,0,0,0,0,1
HG00628,EAS,5;1175892,G,0,0,0,0,0,1
HG00628,EAS,5;1398007,T,0,0,0,0,0,1
HG00628,EAS,5;1447860,T,0,0,0,0,0,1
HG00628,EAS,5;1721485,C,1,0,0,0,0,1
HG01702,EUR,5;195139,T,0,1,0,0,0,0
HG01702,EUR,5;336952,C,1,1,0,0,0,0
HG01702,EUR,5;389603,C,0,1,0,0,0,0
HG01702,EUR,5;851582,A,0,1,0,0,0,0
HG01702,EUR,5;1144802,C,1,1,0,0,0,0
HG01702,EUR,5;1167618,C,0,1,0,0,0,0
HG01702,EUR,5;1175892,G,0,1,0,0,0,0
HG01702,EUR,5;1398007,T,0,1,0,0,0,0
HG01702,EUR,5;1447860,T,0,1,0,0,0,0
HG01702,EUR,5;1721485,C,1,1,0,0,0,0
HG02675,AFR,5;195139,T,0,0,0,1,0,0
HG02675,AFR,5;336952,C,0,0,0,1,0,0
HG02675,AFR,5;389603,C,1,0,0,1,0,0
HG02675,AFR,5;851582,A,0,0,0,1,0,0
HG02675,AFR,5;1144802,C,1,0,0,1,0,0
HG02675,AFR,5;1167618,C,0,0,0,1,0,0
HG02675,AFR,5;1175892,G,0,0,0,1,0,0
HG02675,AFR,5;1398007,T,1,0,0,1,0,0
HG02675,AFR,5;1447860,T,0,0,0,1,0,0
HG02675,AFR,5;1721485,C,1,0,0,1,0,0
HG01595,EAS,5;195139,T,0,0,0,0,0,1
HG01595,EAS,5;336952,C,0,0,0,0,0,1
HG01595,EAS,5;389603,C,0,0,0,0,0,1
HG01595,EAS,5;851582,A,0,0,0,0,0,1
HG01595,EAS,5;1144802,C,1,0,0,0,0,1
HG01595,EAS,5;1167618,C,0,0,0,0,0,1
HG01595,EAS,5;1175892,G,0,0,0,0,0,1
HG01595,EAS,5;1398007,T,0,0,0,0,0,1
HG01595,EAS,5;1447860,T,0,0,0,0,0,1
HG01595,EAS,5;1721485,C,1,0,0,0,0,1
HG00476,EAS,5;195139,T,0,0,0,0,0,1
HG00476,EAS,5;336952,C,1,0,0,0,0,1
HG00476,EAS,5;389603,C,0,0,0,0,0,1
HG00476,EAS,5;851582,A,1,0,0,0,0,1
HG00476,EAS,5;1144802,C,1,0,0,0,0,1
HG00476,EAS,5;1167618,C,0,0,0,0,0,1
HG00476,EAS,5;1175892,G,0,0,0,0,0,1
HG00476,EAS,5;1398007,T,0,0,0,0,0,1
HG00476,EAS,5;1447860,T,0,0,0,0,0,1
HG00476,EAS,5;1721485,C,0,0,0,0,0,1
HG00311,EUR,5;195139,T,0,1,0,0,0,0
HG00311,EUR,5;336952,C,1,1,0,0,0,0
HG00311,EUR,5;389603,C,0,1,0,0,0,0
HG00311,EUR,5;851582,A,1,1,0,0,0,0
HG00311,EUR,5;1144802,C,1,1,0,0,0,0
HG00311,EUR,5;1167618,C,0,1,0,0,0,0
HG00311,EUR,5;1175892,G,0,1,0,0,0,0
HG00311,EUR,5;1398007,T,0,1,0,0,0,0
HG00311,EUR,5;1447860,T,1,1,0,0,0,0
HG00311,EUR,5;1721485,C,1,1,0,0,0,0
NA19222,AFR,5;195139,T,0,0,0,1,0,0
NA19222,AFR,5;336952,C,0,0,0,1,0,0
NA19222,AFR,5;389603,C,1,0,0,1,0,0
NA19222,AFR,5;851582,A,1,0,0,1,0,0
NA19222,AFR,5;1144802,C,1,0,0,1,0,0
NA19222,AFR,5;1167618,C,0,0,0,1,0,0
NA19222,AFR,5;1175892,G,0,0,0,1,0,0
NA19222,AFR,5;1398007,T,0,0,0,1,0,0
NA19222,AFR,5;1447860,T,1,0,0,1,0,0
NA19222,AFR,5;1721485,C,0,0,0,1,0,0
HG03049,AFR,5;195139,T,0,0,0,1,0,0
HG03049,AFR,5;336952,C,0,0,0,1,0,0
HG03049,AFR,5;389603,C,1,0,0,1,0,0
HG03049,AFR,5;851582,A,1,0,0,1,0,0
HG03049,AFR,5;1144802,C,1,0,0,1,0,0
HG03049,AFR,5;1167618,C,1,0,0,1,0,0
HG03049,AFR,5;1175892,G,0,0,0,1,0,0
HG03049,AFR,5;1398007,T,1,0,0,1,0,0
HG03049,AFR,5;1447860,T,1,0,0,1,0,0
HG03049,AFR,5;1721485,C,1,0,0,1,0,0
NA18975,EAS,5;195139,T,0,0,0,0,0,1
NA18975,EAS,5;336952,C,1,0,0,0,0,1
NA18975,EAS,5;389603,C,0,0,0,0,0,1
NA18975,EAS,5;851582,A,0,0,0,0,0,1
NA18975,EAS,5;1144802,C,1,0,0,0,0,1
NA18975,EAS,5;1167618,C,0,0,0,0,0,1
NA18975,EAS,5;1175892,G,0,0,0,0,0,1
NA18975,EAS,5;1398007,T,0,0,0,0,0,1
NA18975,EAS,5;1447860,T,0,0,0,0,0,1
NA18975,EAS,5;1721485,C,0,0,0,0,0,1
HG01974,AMR,5;195139,T,0,0,0,0,1,0
HG01974,AMR,5;336952,C,0,0,0,0,1,0
HG01974,AMR,5;389603,C,1,0,0,0,1,0
HG01974,AMR,5;851582,A,1,0,0,0,1,0
HG01974,AMR,5;1144802,C,1,0,0,0,1,0
HG01974,AMR,5;1167618,C,1,0,0,0,1,0
HG01974,AMR,5;1175892,G,0,0,0,0,1,0
HG01974,AMR,5;1398007,T,0,0,0,0,1,0
HG01974,AMR,5;1447860,T,0,0,0,0,1,0
HG01974,AMR,5;1721485,C,0,0,0,0,1,0
NA19717,AMR,5;195139,T,0,0,0,0,1,0
NA19717,AMR,5;336952,C,1,0,0,0,1,0
NA19717,AMR,5;389603,C,0,0,0,0,1,0
NA19717,AMR,5;851582,A,1,0,0,0,1,0
NA19717,AMR,5;1144802,C,1,0,0,0,1,0
NA19717,AMR,5;1167618,C,0,0,0,0,1,0
NA19717,AMR,5;1175892,G,0,0,0,0,1,0
NA19717,AMR,5;1398007,T,0,0,0,0,1,0
NA19717,AMR,5;1447860,T,1,0,0,0,1,0
NA19717,AMR,5;1721485,C,1,0,0,0,1,0
HG01174,AMR,5;195139,T,0,0,0,0,1,0
HG01174,AMR,5;336952,C,1,0,0,0,1,0
HG01174,AMR,5;389603,C,1,0,0,0,1,0
HG01174,AMR,5;851582,A,0,0,0,0,1,0
HG01174,AMR,5;1144802,C,1,0,0,0,1,0
HG01174,AMR,5;1167618,C,0,0,0,0,1,0
HG01174,AMR,5;1175892,G,0,0,0,0,1,0
HG01174,AMR,5;1398007,T,0,0,0,0,1,0
HG01174,AMR,5;1447860,T,0,0,0,0,1,0
HG01174,AMR,5;1721485,C,1,0,0,0,1,0
NA20296,AFR,5;195139,T,0,0,0,1,0,0
NA20296,AFR,5;336952,C,0,0,0,1,0,0
NA20296,AFR,5;389603,C,1,0,0,1,0,0
NA20296,AFR,5;851582,A,1,0,0,1,0,0
NA20296,AFR,5;1144802,C,1,0,0,1,0,0
NA20296,AFR,5;1167618,C,0,0,0,1,0,0
NA20296,AFR,5;1175892,G,0,0,0,1,0,0
NA20296,AFR,5;1398007,T,0,0,0,1,0,0
NA20296,AFR,5;1447860,T,0,0,0,1,0,0
NA20296,AFR,5;1721485,C,1,0,0,1,0,0
NA20805,EUR,5;195139,T,0,1,0,0,0,0
NA20805,EUR,5;336952,C,1,1,0,0,0,0
NA20805,EUR,5;389603,C,0,1,0,0,0,0
NA20805,EUR,5;851582,A,1,1,0,0,0,0
NA20805,EUR,5;1144802,C,1,1,0,0,0,0
NA20805,EUR,5;1167618,C,0,1,0,0,0,0
NA20805,EUR,5;1175892,G,0,1,0,0,0,0
NA20805,EUR,5;1398007,T,0,1,0,0,0,0
NA20805,EUR,5;1447860,T,1,1,0,0,0,0
NA20805,EUR,5;1721485,C,1,1,0,0,0,0
HG00282,EUR,5;195139,T,0,1,0,0,0,0
HG00282,EUR,5;336952,C,0,1,0,0,0,0
HG00282,EUR,5;389603,C,0,1,0,0,0,0
HG00282,EUR,5;851582,A,0,1,0,0,0,0
HG00282,EUR,5;1144802,C,1,1,0,0,0,0
HG00282,EUR,5;1167618,C,0,1,0,0,0,0
HG00282,EUR,5;1175892,G,0,1,0,0,0,0
HG00282,EUR,5;1398007,T,0,1,0,0,0,0
HG00282,EUR,5;1447860,T,1,1,0,0,0,0
HG00282,EUR,5;1721485,C,1,1,0,0,0,0
HG00171,EUR,5;195139,T,0,1,0,0,0,0
HG00171,EUR,5;336952,C,1,1,0,0,0,0
HG00171,EUR,5;389603,C,0,1,0,0,0,0
HG00171,EUR,5;851582,A,0,1,0,0,0,0
HG00171,EUR,5;1144802,C,1,1,0,0,0,0
HG00171,EUR,5;1167618,C,0,1,0,0,0,0
HG00171,EUR,5;1175892,G,0,1,0,0,0,0
HG00171,EUR,5;1398007,T,0,1,0,0,0,0
HG00171,EUR,5;1447860,T,1,1,0,0,0,0
HG00171,EUR,5;1721485,C,1,1,0,0,0,0
NA19440,AFR,5;195139,T,0,0,0,1,0,0
NA19440,AFR,5;336952,C,0,0,0,1,0,0
NA19440,AFR,5;389603,C,1,0,0,1,0,0
NA19440,AFR,5;851582,A,1,0,0,1,0,0
NA19440,AFR,5;1144802,C,1,0,0,1,0,0
NA19440,AFR,5;1167618,C,1,0,0,1,0,0
NA19440,AFR,5;1175892,G,0,0,0,1,0,0
NA19440,AFR,5;1398007,T,0,0,0,1,0,0
NA19440,AFR,5;1447860,T,0,0,0,1,0,0
NA19440,AFR,5;1721485,C,1,0,0,1,0,0
HG02573,AFR,5;195139,T,0,0,0,1,0,0
HG02573,AFR,5;336952,C,0,0,0,1,0,0
HG02573,AFR,5;389603,C,1,0,0,1,0,0
HG02573,AFR,5;851582,A,1,0,0,1,0,0
HG02573,AFR,5;1144802,C,1,0,0,1,0,0
HG02573,AFR,5;1167618,C,1,0,0,1,0,0
HG02573,AFR,5;1175892,G,0,0,0,1,0,0
HG02573,AFR,5;1398007,T,0,0,0,1,0,0
HG02573,AFR,5;1447860,T,0,0,0,1,0,0
HG02573,AFR,5;1721485,C,1,0,0,1,0,0
HG02651,SAS,5;195139,T,0,0,1,0,0,0
HG02651,SAS,5;336952,C,1,0,1,0,0,0
HG02651,SAS,5;389603,C,0,0,1,0,0,0
HG02651,SAS,5;851582,A,1,0,1,0,0,0
HG02651,SAS,5;1144802,C,1,0,1,0,0,0
HG02651,SAS,5;1167618,C,0,0,1,0,0,0
HG02651,SAS,5;1175892,G,1,0,1,0,0,0
HG02651,SAS,5;1398007,T,0,0,1,0,0,0
HG02651,SAS,5;1447860,T,1,0,1,0,0,0
HG02651,SAS,5;1721485,C,0,0,1,0,0,0
NA18549,EAS,5;195139,T,0,0,0,0,0,1
NA18549,EAS,5;336952,C,0,0,0,0,0,1
NA18549,EAS,5;389603,C,0,0,0,0,0,1
NA18549,EAS,5;851582,A,0,0,0,0,0,1
NA18549,EAS,5;1144802,C,1,0,0,0,0,1
NA18549,EAS,5;1167618,C,0,0,0,0,0,1
NA18549,EAS,5;1175892,G,0,0,0,0,0,1
NA18549,EAS,5;1398007,T,0,0,0,0,0,1
NA18549,EAS,5;1447860,T,1,0,0,0,0,1
NA18549,EAS,5;1721485,C,1,0,0,0,0,1
HG02367,EAS,5;195139,T,0,0,0,0,0,1
HG02367,EAS,5;336952,C,0,0,0,0,0,1
HG02367,EAS,5;389603,C,0,0,0,0,0,1
HG02367,EAS,5;851582,A,1,0,0,0,0,1
HG02367,EAS,5;1144802,C,1,0,0,0,0,1
HG02367,EAS,5;1167618,C,0,0,0,0,0,1
HG02367,EAS,5;1175892,G,0,0,0,0,0,1
HG02367,EAS,5;1398007,T,0,0,0,0,0,1
HG02367,EAS,5;1447860,T,0,0,0,0,0,1
HG02367,EAS,5;1721485,C,0,0,0,0,0,1
NA20908,SAS,5;195139,T,0,0,1,0,0,0
NA20908,SAS,5;336952,C,1,0,1,0,0,0
NA20908,SAS,5;389603,C,0,0,1,0,0,0
NA20908,SAS,5;851582,A,1,0,1,0,0,0
NA20908,SAS,5;1144802,C,1,0,1,0,0,0
NA20908,SAS,5;1167618,C,0,0,1,0,0,0
NA20908,SAS,5;1175892,G,0,0,1,0,0,0
NA20908,SAS,5;1398007,T,0,0,1,0,0,0
NA20908,SAS,5;1447860,T,1,0,1,0,0,0
NA20908,SAS,5;1721485,C,1,0,1,0,0,0
HG02028,EAS,5;195139,T,0,0,0,0,0,1
HG02028,EAS,5;336952,C,1,0,0,0,0,1
HG02028,EAS,5;389603,C,0,0,0,0,0,1
HG02028,EAS,5;851582,A,1,0,0,0,0,1
HG02028,EAS,5;1144802,C,1,0,0,0,0,1
HG02028,EAS,5;1167618,C,0,0,0,0,0,1
HG02028,EAS,5;1175892,G,0,0,0,0,0,1
HG02028,EAS,5;1398007,T,0,0,0,0,0,1
HG02028,EAS,5;1447860,T,0,0,0,0,0,1
HG02028,EAS,5;1721485,C,0,0,0,0,0,1
NA19649,AMR,5;195139,T,0,0,0,0,1,0
NA19649,AMR,5;336952,C,1,0,0,0,1,0
NA19649,AMR,5;389603,C,0,0,0,0,1,0
NA19649,AMR,5;851582,A,1,0,0,0,1,0
NA19649,AMR,5;1144802,C,1,0,0,0,1,0
NA19649,AMR,5;1167618,C,0,0,0,0,1,0
NA19649,AMR,5;1175892,G,0,0,0,0,1,0
NA19649,AMR,5;1398007,T,0,0,0,0,1,0
NA19649,AMR,5;1447860,T,1,0,0,0,1,0
NA19649,AMR,5;1721485,C,0,0,0,0,1,0
NA18536,EAS,5;195139,T,0,0,0,0,0,1
NA18536,EAS,5;336952,C,1,0,0,0,0,1
NA18536,EAS,5;389603,C,0,0,0,0,0,1
NA18536,EAS,5;851582,A,0,0,0,0,0,1
NA18536,EAS,5;1144802,C,0,0,0,0,0,1
NA18536,EAS,5;1167618,C,0,0,0,0,0,1
NA18536,EAS,5;1175892,G,0,0,0,0,0,1
NA18536,EAS,5;1398007,T,0,0,0,0,0,1
NA18536,EAS,5;1447860,T,0,0,0,0,0,1
NA18536,EAS,5;1721485,C,0,0,0,0,0,1
HG01072,AMR,5;195139,T,0,0,0,0,1,0
HG01072,AMR,5;336952,C,0,0,0,0,1,0
HG01072,AMR,5;389603,C,1,0,0,0,1,0
HG01072,AMR,5;851582,A,0,0,0,0,1,0
HG01072,AMR,5;1144802,C,1,0,0,0,1,0
HG01072,AMR,5;1167618,C,0,0,0,0,1,0
HG01072,AMR,5;1175892,G,0,0,0,0,1,0
HG01072,AMR,5;1398007,T,0,0,0,0,1,0
HG01072,AMR,5;1447860,T,1,0,0,0,1,0
HG01072,AMR,5;1721485,C,0,0,0,0,1,0
NA19189,AFR,5;195139,T,0,0,0,1,0,0
NA19189,AFR,5;336952,C,0,0,0,1,0,0
NA19189,AFR,5;389603,C,0,0,0,1,0,0
NA19189,AFR,5;851582,A,1,0,0,1,0,0
NA19189,AFR,5;1144802,C,1,0,0,1,0,0
NA19189,AFR,5;1167618,C,0,0,0,1,0,0
NA19189,AFR,5;1175892,G,0,0,0,1,0,0
NA19189,AFR,5;1398007,T,0,0,0,1,0,0
NA19189,AFR,5;1447860,T,0,0,0,1,0,0
NA19189,AFR,5;1721485,C,1,0,0,1,0,0
HG02684,SAS,5;195139,T,0,0,1,0,0,0
HG02684,SAS,5;336952,C,1,0,1,0,0,0
HG02684,SAS,5;389603,C,1,0,1,0,0,0
HG02684,SAS,5;851582,A,1,0,1,0,0,0
HG02684,SAS,5;1144802,C,1,0,1,0,0,0
HG02684,SAS,5;1167618,C,0,0,1,0,0,0
HG02684,SAS,5;1175892,G,0,0,1,0,0,0
HG02684,SAS,5;1398007,T,0,0,1,0,0,0
HG02684,SAS,5;1447860,T,0,0,1,0,0,0
HG02684,SAS,5;1721485,C,0,0,1,0,0,0
NA18507,AFR,5;195139,T,0,0,0,1,0,0
NA18507,AFR,5;336952,C,0,0,0,1,0,0
NA18507,AFR,5;389603,C,1,0,0,1,0,0
NA18507,AFR,5;851582,A,0,0,0,1,0,0
NA18507,AFR,5;1144802,C,1,0,0,1,0,0
NA18507,AFR,5;1167618,C,0,0,0,1,0,0
NA18507,AFR,5;1175892,G,0,0,0,1,0,0
NA18507,AFR,5;1398007,T,0,0,0,1,0,0
NA18507,AFR,5;1447860,T,1,0,0,1,0,0
NA18507,AFR,5;1721485,C,0,0,0,1,0,0
NA18982,EAS,5;195139,T,0,0,0,0,0,1
NA18982,EAS,5;336952,C,1,0,0,0,0,1
NA18982,EAS,5;389603,C,0,0,0,0,0,1
NA18982,EAS,5;851582,A,0,0,0,0,0,1
NA18982,EAS,5;1144802,C,1,0,0,0,0,1
NA18982,EAS,5;1167618,C,1,0,0,0,0,1
NA18982,EAS,5;1175892,G,0,0,0,0,0,1
NA18982,EAS,5;1398007,T,0,0,0,0,0,1
NA18982,EAS,5;1447860,T,0,0,0,0,0,1
NA18982,EAS,5;1721485,C,1,0,0,0,0,1
NA19819,AFR,5;195139,T,0,0,0,1,0,0
NA19819,AFR,5;336952,C,0,0,0,1,0,0
NA19819,AFR,5;389603,C,1,0,0,1,0,0
NA19819,AFR,5;851582,A,0,0,0,1,0,0
NA19819,AFR,5;1144802,C,1,0,0,1,0,0
NA19819,AFR,5;1167618,C,0,0,0,1,0,0
NA19819,AFR,5;1175892,G,0,0,0,1,0,0
NA19819,AFR,5;1398007,T,1,0,0,1,0,0
NA19819,AFR,5;1447860,T,0,0,0,1,0,0
NA19819,AFR,5;1721485,C,1,0,0,1,0,0
HG00864,EAS,5;195139,T,0,0,0,0,0,1
HG00864,EAS,5;336952,C,1,0,0,0,0,1
HG00864,EAS,5;389603,C,0,0,0,0,0,1
HG00864,EAS,5;851582,A,1,0,0,0,0,1
HG00864,EAS,5;1144802,C,1,0,0,0,0,1
HG00864,EAS,5;1167618,C,0,0,0,0,0,1
HG00864,EAS,5;1175892,G,0,0,0,0,0,1
HG00864,EAS,5;1398007,T,0,0,0,0,0,1
HG00864,EAS,5;1447860,T,0,0,0,0,0,1
HG00864,EAS,5;1721485,C,0,0,0,0,0,1
HG01586,SAS,5;195139,T,0,0,1,0,0,0
HG01586,SAS,5;336952,C,1,0,1,0,0,0
HG01586,SAS,5;389603,C,0,0,1,0,0,0
HG01586,SAS,5;851582,A,1,0,1,0,0,0
HG01586,SAS,5;1144802,C,1,0,1,0,0,0
HG01586,SAS,5;1167618,C,0,0,1,0,0,0
HG01586,SAS,5;1175892,G,0,0,1,0,0,0
HG01586,SAS,5;1398007,T,0,0,1,0,0,0
HG01586,SAS,5;1447860,T,1,0,1,0,0,0
HG01586,SAS,5;1721485,C,1,0,1,0,0,0
HG01251,AMR,5;195139,T,0,0,0,0,1,0
HG01251,AMR,5;336952,C,0,0,0,0,1,0
HG01251,AMR,5;389603,C,0,0,0,0,1,0
HG01251,AMR,5;851582,A,0,0,0,0,1,0
HG01251,AMR,5;1144802,C,0,0,0,0,1,0
HG01251,AMR,5;1167618,C,0,0,0,0,1,0
HG01251,AMR,5;1175892,G,0,0,0,0,1,0
HG01251,AMR,5;1398007,T,1,0,0,0,1,0
HG01251,AMR,5;1447860,T,1,0,0,0,1,0
HG01251,AMR,5;1721485,C,0,0,0,0,1,0
NA19403,AFR,5;195139,T,0,0,0,1,0,0
NA19403,AFR,5;336952,C,0,0,0,1,0,0
NA19403,AFR,5;389603,C,1,0,0,1,0,0
NA19403,AFR,5;851582,A,1,0,0,1,0,0
NA19403,AFR,5;1144802,C,1,0,0,1,0,0
NA19403,AFR,5;1167618,C,0,0,0,1,0,0
NA19403,AFR,5;1175892,G,0,0,0,1,0,0
NA19403,AFR,5;1398007,T,0,0,0,1,0,0
NA19403,AFR,5;1447860,T,0,0,0,1,0,0
NA19403,AFR,5;1721485,C,1,0,0,1,0,0
HG03433,AFR,5;195139,T,0,0,0,1,0,0
HG03433,AFR,5;336952,C,0,0,0,1,0,0
HG03433,AFR,5;389603,C,1,0,0,1,0,0
HG03433,AFR,5;851582,A,0,0,0,1,0,0
HG03433,AFR,5;1144802,C,1,0,0,1,0,0
HG03433,AFR,5;1167618,C,0,0,0,1,0,0
HG03433,AFR,5;1175892,G,0,0,0,1,0,0
HG03433,AFR,5;1398007,T,1,0,0,1,0,0
HG03433,AFR,5;1447860,T,0,0,0,1,0,0
HG03433,AFR,5;1721485,C,1,0,0,1,0,0
NA20769,EUR,5;195139,T,0,1,0,0,0,0
NA20769,EUR,5;336952,C,1,1,0,0,0,0
NA20769,EUR,5;389603,C,0,1,0,0,0,0
NA20769,EUR,5;851582,A,0,1,0,0,0,0
NA20769,EUR,5;1144802,C,1,1,0,0,0,0
NA20769,EUR,5;1167618,C,0,1,0,0,0,0
NA20769,EUR,5;1175892,G,0,1,0,0,0,0
NA20769,EUR,5;1398007,T,0,1,0,0,0,0
NA20769,EUR,5;1447860,T,1,1,0,0,0,0
NA20769,EUR,5;1721485,C,1,1,0,0,0,0
HG01956,AFR,5;195139,T,0,0,0,1,0,0
HG01956,AFR,5;336952,C,0,0,0,1,0,0
HG01956,AFR,5;389603,C,1,0,0,1,0,0
HG01956,AFR,5;851582,A,0,0,0,1,0,0
HG01956,AFR,5;1144802,C,1,0,0,1,0,0
HG01956,AFR,5;1167618,C,0,0,0,1,0,0
HG01956,AFR,5;1175892,G,0,0,0,1,0,0
HG01956,AFR,5;1398007,T,0,0,0,1,0,0
HG01956,AFR,5;1447860,T,1,0,0,1,0,0
HG01956,AFR,5;1721485,C,1,0,0,1,0,0
HG03229,SAS,5;195139,T,0,0,1,0,0,0
HG03229,SAS,5;336952,C,0,0,1,0,0,0
HG03229,SAS,5;389603,C,0,0,1,0,0,0
HG03229,SAS,5;851582,A,0,0,1,0,0,0
HG03229,SAS,5;1144802,C,0,0,1,0,0,0
HG03229,SAS,5;1167618,C,0,0,1,0,0,0
HG03229,SAS,5;1175892,G,0,0,1,0,0,0
HG03229,SAS,5;1398007,T,0,0,1,0,0,0
HG03229,SAS,5;1447860,T,1,0,1,0,0,0
HG03229,SAS,5;1721485,C,1,0,1,0,0,0
HG01525,EUR,5;195139,T,0,1,0,0,0,0
HG01525,EUR,5;336952,C,0,1,0,0,0,0
HG01525,EUR,5;389603,C,1,1,0,0,0,0
HG01525,EUR,5;851582,A,1,1,0,0,0,0
HG01525,EUR,5;1144802,C,1,1,0,0,0,0
HG01525,EUR,5;1167618,C,0,1,0,0,0,0
HG01525,EUR,5;1175892,G,0,1,0,0,0,0
HG01525,EUR,5;1398007,T,0,1,0,0,0,0
HG01525,EUR,5;1447860,T,1,1,0,0,0,0
HG01525,EUR,5;1721485,C,0,1,0,0,0,0
HG02086,EAS,5;195139,T,0,0,0,0,0,1
HG02086,EAS,5;336952,C,0,0,0,0,0,1
HG02086,EAS,5;389603,C,0,0,0,0,0,1
HG02086,EAS,5;851582,A,1,0,0,0,0,1
HG02086,EAS,5;1144802,C,1,0,0,0,0,1
HG02086,EAS,5;1167618,C,0,0,0,0,0,1
HG02086,EAS,5;1175892,G,0,0,0,0,0,1
HG02086,EAS,5;1398007,T,0,0,0,0,0,1
HG02086,EAS,5;1447860,T,1,0,0,0,0,1
HG02086,EAS,5;1721485,C,1,0,0,0,0,1
HG02383,EAS,5;195139,T,0,0,0,0,0,1
HG02383,EAS,5;336952,C,1,0,0,0,0,1
HG02383,EAS,5;389603,C,0,0,0,0,0,1
HG02383,EAS,5;851582,A,1,0,0,0,0,1
HG02383,EAS,5;1144802,C,1,0,0,0,0,1
HG02383,EAS,5;1167618,C,0,0,0,0,0,1
HG02383,EAS,5;1175892,G,0,0,0,0,0,1
HG02383,EAS,5;1398007,T,0,0,0,0,0,1
HG02383,EAS,5;1447860,T,1,0,0,0,0,1
HG02383,EAS,5;1721485,C,0,0,0,0,0,1
HG01089,AMR,5;195139,T,0,0,0,0,1,0
HG01089,AMR,5;336952,C,1,0,0,0,1,0
HG01089,AMR,5;389603,C,0,0,0,0,1,0
HG01089,AMR,5;851582,A,1,0,0,0,1,0
HG01089,AMR,5;1144802,C,1,0,0,0,1,0
HG01089,AMR,5;1167618,C,1,0,0,0,1,0
HG01089,AMR,5;1175892,G,0,0,0,0,1,0
HG01089,AMR,5;1398007,T,0,0,0,0,1,0
HG01089,AMR,5;1447860,T,1,0,0,0,1,0
HG01089,AMR,5;1721485,C,1,0,0,0,1,0
HG01492,AMR,5;195139,T,0,0,0,0,1,0
HG01492,AMR,5;336952,C,0,0,0,0,1,0
HG01492,AMR,5;389603,C,0,0,0,0,1,0
HG01492,AMR,5;851582,A,0,0,0,0,1,0
HG01492,AMR,5;1144802,C,1,0,0,0,1,0
HG01492,AMR,5;1167618,C,0,0,0,0,1,0
HG01492,AMR,5;1175892,G,0,0,0,0,1,0
HG01492,AMR,5;1398007,T,0,0,0,0,1,0
HG01492,AMR,5;1447860,T,1,0,0,0,1,0
HG01492,AMR,5;1721485,C,0,0,0,0,1,0
NA18879,AFR,5;195139,T,0,0,0,1,0,0
NA18879,AFR,5;336952,C,0,0,0,1,0,0
NA18879,AFR,5;389603,C,1,0,0,1,0,0
NA18879,AFR,5;851582,A,0,0,0,1,0,0
NA18879,AFR,5;1144802,C,1,0,0,1,0,0
NA18879,AFR,5;1167618,C,0,0,0,1,0,0
NA18879,AFR,5;1175892,G,0,0,0,1,0,0
NA18879,AFR,5;1398007,T,1,0,0,1,0,0
NA18879,AFR,5;1447860,T,0,0,0,1,0,0
NA18879,AFR,5;1721485,C,0,0,0,1,0,0
HG02725,SAS,5;195139,T,0,0,1,0,0,0
HG02725,SAS,5;336952,C,1,0,1,0,0,0
HG02725,SAS,5;389603,C,0,0,1,0,0,0
HG02725,SAS,5;851582,A,1,0,1,0,0,0
HG02725,SAS,5;1144802,C,1,0,1,0,0,0
HG02725,SAS,5;1167618,C,0,0,1,0,0,0
HG02725,SAS,5;1175892,G,0,0,1,0,0,0
HG02725,SAS,5;1398007,T,0,0,1,0,0,0
HG02725,SAS,5;1447860,T,1,0,1,0,0,0
HG02725,SAS,5;1721485,C,1,0,1,0,0,0
NA19755,AMR,5;195139,T,0,0,0,0,1,0
NA19755,AMR,5;336952,C,0,0,0,0,1,0
NA19755,AMR,5;389603,C,1,0,0,0,1,0
NA19755,AMR,5;851582,A,1,0,0,0,1,0
NA19755,AMR,5;1144802,C,1,0,0,0,1,0
NA19755,AMR,5;1167618,C,0,0,0,0,1,0
NA19755,AMR,5;1175892,G,0,0,0,0,1,0
NA19755,AMR,5;1398007,T,0,0,0,0,1,0
NA19755,AMR,5;1447860,T,1,0,0,0,1,0
NA19755,AMR,5;1721485,C,1,0,0,0,1,0
NA20340,AFR,5;195139,T,0,0,0,1,0,0
NA20340,AFR,5;336952,C,0,0,0,1,0,0
NA20340,AFR,5;389603,C,1,0,0,1,0,0
NA20340,AFR,5;851582,A,1,0,0,1,0,0
NA20340,AFR,5;1144802,C,1,0,0,1,0,0
NA20340,AFR,5;1167618,C,0,0,0,1,0,0
NA20340,AFR,5;1175892,G,0,0,0,1,0,0
NA20340,AFR,5;1398007,T,0,0,0,1,0,0
NA20340,AFR,5;1447860,T,0,0,0,1,0,0
NA20340,AFR,5;1721485,C,1,0,0,1,0,0
NA18916,AFR,5;195139,T,0,0,0,1,0,0
NA18916,AFR,5;336952,C,0,0,0,1,0,0
NA18916,AFR,5;389603,C,1,0,0,1,0,0
NA18916,AFR,5;851582,A,1,0,0,1,0,0
NA18916,AFR,5;1144802,C,1,0,0,1,0,0
NA18916,AFR,5;1167618,C,0,0,0,1,0,0
NA18916,AFR,5;1175892,G,0,0,0,1,0,0
NA18916,AFR,5;1398007,T,1,0,0,1,0,0
NA18916,AFR,5;1447860,T,0,0,0,1,0,0
NA18916,AFR,5;1721485,C,1,0,0,1,0,0
HG02787,SAS,5;195139,T,0,0,1,0,0,0
HG02787,SAS,5;336952,C,1,0,1,0,0,0
HG02787,SAS,5;389603,C,1,0,1,0,0,0
HG02787,SAS,5;851582,A,0,0,1,0,0,0
HG02787,SAS,5;1144802,C,1,0,1,0,0,0
HG02787,SAS,5;1167618,C,0,0,1,0,0,0
HG02787,SAS,5;1175892,G,0,0,1,0,0,0
HG02787,SAS,5;1398007,T,0,0,1,0,0,0
HG02787,SAS,5;1447860,T,1,0,1,0,0,0
HG02787,SAS,5;1721485,C,1,0,1,0,0,0
HG02562,AFR,5;195139,T,0,0,0,1,0,0
HG02562,AFR,5;336952,C,0,0,0,1,0,0
HG02562,AFR,5;389603,C,1,0,0,1,0,0
HG02562,AFR,5;851582,A,1,0,0,1,0,0
HG02562,AFR,5;1144802,C,1,0,0,1,0,0
HG02562,AFR,5;1167618,C,0,0,0,1,0,0
HG02562,AFR,5;1175892,G,0,0,0,1,0,0
HG02562,AFR,5;1398007,T,0,0,0,1,0,0
HG02562,AFR,5;1447860,T,0,0,0,1,0,0
HG02562,AFR,5;1721485,C,0,0,0,1,0,0
NA19143,AFR,5;195139,T,0,0,0,1,0,0
NA19143,AFR,5;336952,C,0,0,0,1,0,0
NA19143,AFR,5;389603,C,1,0,0,1,0,0
NA19143,AFR,5;851582,A,1,0,0,1,0,0
NA19143,AFR,5;1144802,C,1,0,0,1,0,0
NA19143,AFR,5;1167618,C,0,0,0,1,0,0
NA19143,AFR,5;1175892,G,0,0,0,1,0,0
NA19143,AFR,5;1398007,T,1,0,0,1,0,0
NA19143,AFR,5;1447860,T,1,0,0,1,0,0
NA19143,AFR,5;1721485,C,1,0,0,1,0,0
HG03629,SAS,5;195139,T,0,0,1,0,0,0
HG03629,SAS,5;336952,C,1,0,1,0,0,0
HG03629,SAS,5;389603,C,1,0,1,0,0,0
HG03629,SAS,5;851582,A,1,0,1,0,0,0
HG03629,SAS,5;1144802,C,1,0,1,0,0,0
HG03629,SAS,5;1167618,C,0,0,1,0,0,0
HG03629,SAS,5;1175892,G,1,0,1,0,0,0
HG03629,SAS,5;1398007,T,0,0,1,0,0,0
HG03629,SAS,5;1447860,T,1,0,1,0,0,0
HG03629,SAS,5;1721485,C,1,0,1,0,0,0
NA20533,EUR,5;195139,T,0,1,0,0,0,0
NA20533,EUR,5;336952,C,1,1,0,0,0,0
NA20533,EUR,5;389603,C,0,1,0,0,0,0
NA20533,EUR,5;851582,A,1,1,0,0,0,0
NA20533,EUR,5;1144802,C,0,1,0,0,0,0
NA20533,EUR,5;1167618,C,0,1,0,0,0,0
NA20533,EUR,5;1175892,G,0,1,0,0,0,0
NA20533,EUR,5;1398007,T,0,1,0,0,0,0
NA20533,EUR,5;1447860,T,1,1,0,0,0,0
NA20533,EUR,5;1721485,C,1,1,0,0,0,0
NA20530,EUR,5;195139,T,0,1,0,0,0,0
NA20530,EUR,5;336952,C,1,1,0,0,0,0
NA20530,EUR,5;389603,C,0,1,0,0,0,0
NA20530,EUR,5;851582,A,1,1,0,0,0,0
NA20530,EUR,5;1144802,C,1,1,0,0,0,0
NA20530,EUR,5;1167618,C,0,1,0,0,0,0
NA20530,EUR,5;1175892,G,0,1,0,0,0,0
NA20530,EUR,5;1398007,T,0,1,0,0,0,0
NA20530,EUR,5;1447860,T,0,1,0,0,0,0
NA20530,EUR,5;1721485,C,1,1,0,0,0,0
NA19468,AFR,5;195139,T,0,0,0,1,0,0
NA19468,AFR,5;336952,C,0,0,0,1,0,0
NA19468,AFR,5;389603,C,1,0,0,1,0,0
NA19468,AFR,5;851582,A,1,0,0,1,0,0
NA19468,AFR,5;1144802,C,1,0,0,1,0,0
NA19468,AFR,5;1167618,C,1,0,0,1,0,0
NA19468,AFR,5;1175892,G,0,0,0,1,0,0
NA19468,AFR,5;1398007,T,0,0,0,1,0,0
NA19468,AFR,5;1447860,T,0,0,0,1,0,0
NA19468,AFR,5;1721485,C,1,0,0,1,0,0
HG02307,AFR,5;195139,T,0,0,0,1,0,0
HG02307,AFR,5;336952,C,0,0,0,1,0,0
HG02307,AFR,5;389603,C,1,0,0,1,0,0
HG02307,AFR,5;851582,A,1,0,0,1,0,0
HG02307,AFR,5;1144802,C,1,0,0,1,0,0
HG02307,AFR,5;1167618,C,0,0,0,1,0,0
HG02307,AFR,5;1175892,G,0,0,0,1,0,0
HG02307,AFR,5;1398007,T,1,0,0,1,0,0
HG02307,AFR,5;1447860,T,0,0,0,1,0,0
HG02307,AFR,5;1721485,C,0,0,0,1,0,0
HG00259,EUR,5;195139,T,0,1,0,0,0,0
HG00259,EUR,5;336952,C,1,1,0,0,0,0
HG00259,EUR,5;389603,C,0,1,0,0,0,0
HG00259,EUR,5;851582,A,0,1,0,0,0,0
HG00259,EUR,5;1144802,C,1,1,0,0,0,0
HG00259,EUR,5;1167618,C,1,1,0,0,0,0
HG00259,EUR,5;1175892,G,0,1,0,0,0,0
HG00259,EUR,5;1398007,T,1,1,0,0,0,0
HG00259,EUR,5;1447860,T,1,1,0,0,0,0
HG00259,EUR,5;1721485,C,1,1,0,0,0,0
HG02420,AFR,5;195139,T,0,0,0,1,0,0
HG02420,AFR,5;336952,C,0,0,0,1,0,0
HG02420,AFR,5;389603,C,1,0,0,1,0,0
HG02420,AFR,5;851582,A,0,0,0,1,0,0
HG02420,AFR,5;1144802,C,0,0,0,1,0,0
HG02420,AFR,5;1167618,C,0,0,0,1,0,0
HG02420,AFR,5;1175892,G,0,0,0,1,0,0
HG02420,AFR,5;1398007,T,1,0,0,1,0,0
HG02420,AFR,5;1447860,T,1,0,0,1,0,0
HG02420,AFR,5;1721485,C,1,0,0,1,0,0
NA19077,EAS,5;195139,T,0,0,0,0,0,1
NA19077,EAS,5;336952,C,0,0,0,0,0,1
NA19077,EAS,5;389603,C,0,0,0,0,0,1
NA19077,EAS,5;851582,A,0,0,0,0,0,1
NA19077,EAS,5;1144802,C,1,0,0,0,0,1
NA19077,EAS,5;1167618,C,0,0,0,0,0,1
NA19077,EAS,5;1175892,G,0,0,0,0,0,1
NA19077,EAS,5;1398007,T,0,0,0,0,0,1
NA19077,EAS,5;1447860,T,0,0,0,0,0,1
NA19077,EAS,5;1721485,C,0,0,0,0,0,1
HG03934,SAS,5;195139,T,0,0,1,0,0,0
HG03934,SAS,5;336952,C,1,0,1,0,0,0
HG03934,SAS,5;389603,C,0,0,1,0,0,0
HG03934,SAS,5;851582,A,1,0,1,0,0,0
HG03934,SAS,5;1144802,C,1,0,1,0,0,0
HG03934,SAS,5;1167618,C,0,0,1,0,0,0
HG03934,SAS,5;1175892,G,0,0,1,0,0,0
HG03934,SAS,5;1398007,T,0,0,1,0,0,0
HG03934,SAS,5;1447860,T,1,0,1,0,0,0
HG03934,SAS,5;1721485,C,0,0,1,0,0,0
NA21090,SAS,5;195139,T,0,0,1,0,0,0
NA21090,SAS,5;336952,C,1,0,1,0,0,0
NA21090,SAS,5;389603,C,0,0,1,0,0,0
NA21090,SAS,5;851582,A,1,0,1,0,0,0
NA21090,SAS,5;1144802,C,1,0,1,0,0,0
NA21090,SAS,5;1167618,C,0,0,1,0,0,0
NA21090,SAS,5;1175892,G,0,0,1,0,0,0
NA21090,SAS,5;1398007,T,0,0,1,0,0,0
NA21090,SAS,5;1447860,T,1,0,1,0,0,0
NA21090,SAS,5;1721485,C,1,0,1,0,0,0
HG03052,AFR,5;195139,T,0,0,0,1,0,0
HG03052,AFR,5;336952,C,0,0,0,1,0,0
HG03052,AFR,5;389603,C,1,0,0,1,0,0
HG03052,AFR,5;851582,A,0,0,0,1,0,0
HG03052,AFR,5;1144802,C,1,0,0,1,0,0
HG03052,AFR,5;1167618,C,0,0,0,1,0,0
HG03052,AFR,5;1175892,G,0,0,0,1,0,0
HG03052,AFR,5;1398007,T,0,0,0,1,0,0
HG03052,AFR,5;1447860,T,0,0,0,1,0,0
HG03052,AFR,5;1721485,C,1,0,0,1,0,0
HG02180,EAS,5;195139,T,0,0,0,0,0,1
HG02180,EAS,5;336952,C,1,0,0,0,0,1
HG02180,EAS,5;389603,C,0,0,0,0,0,1
HG02180,EAS,5;851582,A,1,0,0,0,0,1
HG02180,EAS,5;1144802,C,1,0,0,0,0,1
HG02180,EAS,5;1167618,C,0,0,0,0,0,1
HG02180,EAS,5;1175892,G,0,0,0,0,0,1
HG02180,EAS,5;1398007,T,0,0,0,0,0,1
HG02180,EAS,5;1447860,T,0,0,0,0,0,1
HG02180,EAS,5;1721485,C,0,0,0,0,0,1
HG02061,EAS,5;195139,T,0,0,0,0,0,1
HG02061,EAS,5;336952,C,0,0,0,0,0,1
HG02061,EAS,5;389603,C,0,0,0,0,0,1
HG02061,EAS,5;851582,A,0,0,0,0,0,1
HG02061,EAS,5;1144802,C,1,0,0,0,0,1
HG02061,EAS,5;1167618,C,0,0,0,0,0,1
HG02061,EAS,5;1175892,G,0,0,0,0,0,1
HG02061,EAS,5;1398007,T,0,0,0,0,0,1
HG02061,EAS,5;1447860,T,1,0,0,0,0,1
HG02061,EAS,5;1721485,C,0,0,0,0,0,1
HG02013,AFR,5;195139,T,0,0,0,1,0,0
HG02013,AFR,5;336952,C,0,0,0,1,0,0
HG02013,AFR,5;389603,C,1,0,0,1,0,0
HG02013,AFR,5;851582,A,1,0,0,1,0,0
HG02013,AFR,5;1144802,C,1,0,0,1,0,0
HG02013,AFR,5;1167618,C,1,0,0,1,0,0
HG02013,AFR,5;1175892,G,0,0,0,1,0,0
HG02013,AFR,5;1398007,T,0,0,0,1,0,0
HG02013,AFR,5;1447860,T,0,0,0,1,0,0
HG02013,AFR,5;1721485,C,0,0,0,1,0,0
HG01284,AMR,5;195139,T,0,0,0,0,1,0
HG01284,AMR,5;336952,C,1,0,0,0,1,0
HG01284,AMR,5;389603,C,0,0,0,0,1,0
HG01284,AMR,5;851582,A,1,0,0,0,1,0
HG01284,AMR,5;1144802,C,1,0,0,0,1,0
HG01284,AMR,5;1167618,C,1,0,0,0,1,0
HG01284,AMR,5;1175892,G,0,0,0,0,1,0
HG01284,AMR,5;1398007,T,0,0,0,0,1,0
HG01284,AMR,5;1447860,T,0,0,0,0,1,0
HG01284,AMR,5;1721485,C,0,0,0,0,1,0
NA20795,EUR,5;195139,T,0,1,0,0,0,0
NA20795,EUR,5;336952,C,1,1,0,0,0,0
NA20795,EUR,5;389603,C,0,1,0,0,0,0
NA20795,EUR,5;851582,A,1,1,0,0,0,0
NA20795,EUR,5;1144802,C,1,1,0,0,0,0
NA20795,EUR,5;1167618,C,0,1,0,0,0,0
NA20795,EUR,5;1175892,G,0,1,0,0,0,0
NA20795,EUR,5;1398007,T,0,1,0,0,0,0
NA20795,EUR,5;1447860,T,1,1,0,0,0,0
NA20795,EUR,5;1721485,C,1,1,0,0,0,0
HG03521,AFR,5;195139,T,0,0,0,1,0,0
HG03521,AFR,5;336952,C,0,0,0,1,0,0
HG03521,AFR,5;389603,C,1,0,0,1,0,0
HG03521,AFR,5;851582,A,1,0,0,1,0,0
HG03521,AFR,5;1144802,C,1,0,0,1,0,0
HG03521,AFR,5;1167618,C,0,0,0,1,0,0
HG03521,AFR,5;1175892,G,0,0,0,1,0,0
HG03521,AFR,5;1398007,T,0,0,0,1,0,0
HG03521,AFR,5;1447860,T,0,0,0,1,0,0
HG03521,AFR,5;1721485,C,1,0,0,1,0,0
NA12775,EUR,5;195139,T,0,1,0,0,0,0
NA12775,EUR,5;336952,C,1,1,0,0,0,0
NA12775,EUR,5;389603,C,0,1,0,0,0,0
NA12775,EUR,5;851582,A,1,1,0,0,0,0
NA12775,EUR,5;1144802,C,1,1,0,0,0,0
NA12775,EUR,5;1167618,C,0,1,0,0,0,0
NA12775,EUR,5;1175892,G,0,1,0,0,0,0
NA12775,EUR,5;1398007,T,0,1,0,0,0,0
NA12775,EUR,5;1447860,T,1,1,0,0,0,0
NA12775,EUR,5;1721485,C,1,1,0,0,0,0
HG03995,SAS,5;195139,T,0,0,1,0,0,0
HG03995,SAS,5;336952,C,1,0,1,0,0,0
HG03995,SAS,5;389603,C,0,0,1,0,0,0
HG03995,SAS,5;851582,A,1,0,1,0,0,0
HG03995,SAS,5;1144802,C,1,0,1,0,0,0
HG03995,SAS,5;1167618,C,0,0,1,0,0,0
HG03995,SAS,5;1175892,G,0,0,1,0,0,0
HG03995,SAS,5;1398007,T,0,0,1,0,0,0
HG03995,SAS,5;1447860,T,1,0,1,0,0,0
HG03995,SAS,5;1721485,C,1,0,1,0,0,0
NA18877,AFR,5;195139,T,0,0,0,1,0,0
NA18877,AFR,5;336952,C,0,0,0,1,0,0
NA18877,AFR,5;389603,C,1,0,0,1,0,0
NA18877,AFR,5;851582,A,1,0,0,1,0,0
NA18877,AFR,5;1144802,C,1,0,0,1,0,0
NA18877,AFR,5;1167618,C,0,0,0,1,0,0
NA18877,AFR,5;1175892,G,0,0,0,1,0,0
NA18877,AFR,5;1398007,T,0,0,0,1,0,0
NA18877,AFR,5;1447860,T,1,0,0,1,0,0
NA18877,AFR,5;1721485,C,1,0,0,1,0,0
HG01083,AMR,5;195139,T,0,0,0,0,1,0
HG01083,AMR,5;336952,C,1,0,0,0,1,0
HG01083,AMR,5;389603,C,1,0,0,0,1,0
HG01083,AMR,5;851582,A,1,0,0,0,1,0
HG01083,AMR,5;1144802,C,1,0,0,0,1,0
HG01083,AMR,5;1167618,C,0,0,0,0,1,0
HG01083,AMR,5;1175892,G,0,0,0,0,1,0
HG01083,AMR,5;1398007,T,0,0,0,0,1,0
HG01083,AMR,5;1447860,T,1,0,0,0,1,0
HG01083,AMR,5;1721485,C,1,0,0,0,1,0
HG02181,EAS,5;195139,T,0,0,0,0,0,1
HG02181,EAS,5;336952,C,0,0,0,0,0,1
HG02181,EAS,5;389603,C,0,0,0,0,0,1
HG02181,EAS,5;851582,A,0,0,0,0,0,1
HG02181,EAS,5;1144802,C,1,0,0,0,0,1
HG02181,EAS,5;1167618,C,0,0,0,0,0,1
HG02181,EAS,5;1175892,G,0,0,0,0,0,1
HG02181,EAS,5;1398007,T,0,0,0,0,0,1
HG02181,EAS,5;1447860,T,0,0,0,0,0,1
HG02181,EAS,5;1721485,C,0,0,0,0,0,1
HG03169,AFR,5;195139,T,0,0,0,1,0,0
HG03169,AFR,5;336952,C,0,0,0,1,0,0
HG03169,AFR,5;389603,C,0,0,0,1,0,0
HG03169,AFR,5;851582,A,0,0,0,1,0,0
HG03169,AFR,5;1144802,C,1,0,0,1,0,0
HG03169,AFR,5;1167618,C,0,0,0,1,0,0
HG03169,AFR,5;1175892,G,0,0,0,1,0,0
HG03169,AFR,5;1398007,T,1,0,0,1,0,0
HG03169,AFR,5;1447860,T,1,0,0,1,0,0
HG03169,AFR,5;1721485,C,1,0,0,1,0,0
HG04100,SAS,5;195139,T,0,0,1,0,0,0
HG04100,SAS,5;336952,C,1,0,1,0,0,0
HG04100,SAS,5;389603,C,0,0,1,0,0,0
HG04100,SAS,5;851582,A,0,0,1,0,0,0
HG04100,SAS,5;1144802,C,1,0,1,0,0,0
HG04100,SAS,5;1167618,C,0,0,1,0,0,0
HG04100,SAS,5;1175892,G,0,0,1,0,0,0
HG04100,SAS,5;1398007,T,0,0,1,0,0,0
HG04100,SAS,5;1447860,T,0,0,1,0,0,0
HG04100,SAS,5;1721485,C,1,0,1,0,0,0
NA19773,AMR,5;195139,T,0,0,0,0,1,0
NA19773,AMR,5;336952,C,1,0,0,0,1,0
NA19773,AMR,5;389603,C,0,0,0,0,1,0
NA19773,AMR,5;851582,A,0,0,0,0,1,0
NA19773,AMR,5;1144802,C,1,0,0,0,1,0
NA19773,AMR,5;1167618,C,0,0,0,0,1,0
NA19773,AMR,5;1175892,G,0,0,0,0,1,0
NA19773,AMR,5;1398007,T,0,0,0,0,1,0
NA19773,AMR,5;1447860,T,0,0,0,0,1,0
NA19773,AMR,5;1721485,C,1,0,0,0,1,0
HG01250,AMR,5;195139,T,0,0,0,0,1,0
HG01250,AMR,5;336952,C,0,0,0,0,1,0
HG01250,AMR,5;389603,C,1,0,0,0,1,0
HG01250,AMR,5;851582,A,0,0,0,0,1,0
HG01250,AMR,5;1144802,C,1,0,0,0,1,0
HG01250,AMR,5;1167618,C,0,0,0,0,1,0
HG01250,AMR,5;1175892,G,0,0,0,0,1,0
HG01250,AMR,5;1398007,T,0,0,0,0,1,0
HG01250,AMR,5;1447860,T,1,0,0,0,1,0
HG01250,AMR,5;1721485,C,1,0,0,0,1,0
NA18625,EAS,5;195139,T,0,0,0,0,0,1
NA18625,EAS,5;336952,C,0,0,0,0,0,1
NA18625,EAS,5;389603,C,0,0,0,0,0,1
NA18625,EAS,5;851582,A,1,0,0,0,0,1
NA18625,EAS,5;1144802,C,1,0,0,0,0,1
NA18625,EAS,5;1167618,C,0,0,0,0,0,1
NA18625,EAS,5;1175892,G,0,0,0,0,0,1
NA18625,EAS,5;1398007,T,0,0,0,0,0,1
NA18625,EAS,5;1447860,T,0,0,0,0,0,1
NA18625,EAS,5;1721485,C,0,0,0,0,0,1
NA18881,AFR,5;195139,T,0,0,0,1,0,0
NA18881,AFR,5;336952,C,0,0,0,1,0,0
NA18881,AFR,5;389603,C,1,0,0,1,0,0
NA18881,AFR,5;851582,A,0,0,0,1,0,0
NA18881,AFR,5;1144802,C,1,0,0,1,0,0
NA18881,AFR,5;1167618,C,0,0,0,1,0,0
NA18881,AFR,5;1175892,G,0,0,0,1,0,0
NA18881,AFR,5;1398007,T,0,0,0,1,0,0
NA18881,AFR,5;1447860,T,0,0,0,1,0,0
NA18881,AFR,5;1721485,C,1,0,0,1,0,0
HG01815,EAS,5;195139,T,0,0,0,0,0,1
HG01815,EAS,5;336952,C,1,0,0,0,0,1
HG01815,EAS,5;389603,C,0,0,0,0,0,1
HG01815,EAS,5;851582,A,0,0,0,0,0,1
HG01815,EAS,5;1144802,C,1,0,0,0,0,1
HG01815,EAS,5;1167618,C,0,0,0,0,0,1
HG01815,EAS,5;1175892,G,0,0,0,0,0,1
HG01815,EAS,5;1398007,T,0,0,0,0,0,1
HG01815,EAS,5;1447860,T,0,0,0,0,0,1
HG01815,EAS,5;1721485,C,0,0,0,0,0,1
